ev_id,capacity_kwh,charger_kw,eta_charge,eta_discharge,min_soc,target_soc,policy
0,53.703033,11.0,0.9493608,0.9365715,0.46317366,0.7974271,1
1,44.210518,7.2,0.9229245,0.91394967,0.5243263,0.80951923,1
2,70.027756,7.2,0.9356928,0.92230195,0.40788797,0.81058824,0
3,85.95312,11.0,0.9145899,0.91070855,0.53656316,0.78194004,2
4,88.63462,7.2,0.9004803,0.95898175,0.5181117,0.89037746,0
5,66.19708,9.6,0.9338595,0.9445906,0.31132475,0.890611,2
6,89.15379,7.2,0.9275075,0.90544736,0.44008884,0.78781825,2
7,49.24555,7.2,0.9180611,0.9044107,0.51067644,0.7867593,1
8,71.10477,9.6,0.9192512,0.9076006,0.52178997,0.8587853,2
9,84.47904,7.2,0.9041429,0.95369035,0.43945846,0.8621537,2
10,79.54045,9.6,0.93945277,0.92244786,0.48839837,0.91299045,2
11,73.142586,9.6,0.9573197,0.9335493,0.38880664,0.86193055,1
12,102.062454,11.0,0.9285089,0.95225036,0.46783614,0.87801814,0
13,61.54935,11.0,0.9292284,0.9319111,0.52871513,0.9145499,0
14,87.29401,11.0,0.9099743,0.91723216,0.45498854,0.90378827,2
15,71.8258,9.6,0.937451,0.91030115,0.46822122,0.7873238,2
16,65.678024,7.2,0.9153755,0.91531616,0.3613925,0.8927653,2
17,69.0448,7.2,0.9423284,0.9056838,0.4840513,0.83410174,0
18,89.82499,9.6,0.913226,0.9066314,0.33535394,0.8967227,2
19,63.85482,7.2,0.90800184,0.9337079,0.44928524,0.8824712,2
20,71.42799,7.2,0.9125491,0.95485675,0.4535724,0.79505527,2
21,40.0,7.2,0.91237825,0.90965974,0.41393414,0.88455874,2
22,79.41034,9.6,0.92630607,0.9236868,0.5367665,0.82076705,2
23,55.065533,7.2,0.9306312,0.9273262,0.4140326,0.8048412,2
24,57.79509,7.2,0.9542381,0.945243,0.3088746,0.81463295,2
25,59.06885,7.2,0.90154094,0.9543066,0.48776332,0.88901687,2
26,65.43535,9.6,0.90605736,0.95003384,0.5323131,0.8669282,1
27,112.83931,7.2,0.9019583,0.9015438,0.40049016,0.8732097,2
28,76.45873,11.0,0.9536378,0.9387008,0.42236263,0.8562284,2
29,78.13524,9.6,0.9330451,0.9074214,0.35279384,0.7973103,2
30,78.44772,11.0,0.9370902,0.9285393,0.39340255,0.8268345,2
31,90.465324,7.2,0.9122374,0.95771575,0.32956895,0.82772017,2
32,69.05579,7.2,0.9291338,0.9476783,0.5451008,0.8976383,1
33,75.15657,7.2,0.954041,0.92088944,0.4592352,0.8992676,2
34,63.88586,7.2,0.9020533,0.90225667,0.471663,0.8995263,1
35,103.629524,11.0,0.9129749,0.956871,0.33059868,0.9182134,2
36,67.900314,11.0,0.95732486,0.9150758,0.45717248,0.8567874,1
37,49.27345,7.2,0.9256491,0.90668505,0.34304774,0.80095065,1
38,66.818375,9.6,0.93858486,0.9535432,0.40267354,0.84326696,1
39,52.73348,7.2,0.94070894,0.9319164,0.47704357,0.916597,1
40,108.90362,11.0,0.9099767,0.90293896,0.39979383,0.8096343,2
41,54.551422,11.0,0.95242625,0.9153364,0.422287,0.9175533,0
42,67.55253,11.0,0.90497,0.9451276,0.494388,0.8750825,2
43,46.35538,7.2,0.9413587,0.9350724,0.5477326,0.8797653,1
44,81.36475,7.2,0.9163414,0.9489124,0.4847029,0.8831289,2
45,74.377174,7.2,0.9343754,0.9356578,0.49360445,0.8912863,2
46,59.09932,11.0,0.9328112,0.9135246,0.5043611,0.80831224,1
47,94.432625,11.0,0.9249119,0.92324203,0.31983468,0.8164519,2
48,81.46843,7.2,0.9194314,0.92833066,0.35284203,0.7848175,0
49,55.012634,9.6,0.94715315,0.9256266,0.32482257,0.88721794,2
50,83.06747,7.2,0.9235756,0.94832414,0.3622642,0.7916897,1
51,79.6542,7.2,0.94132614,0.9260716,0.4898813,0.8087735,2
52,85.2877,7.2,0.91491413,0.93112475,0.5263175,0.8590699,2
53,58.48679,9.6,0.93387187,0.9223775,0.35417902,0.90849876,2
54,89.7056,9.6,0.9236943,0.9311514,0.35921878,0.8102417,1
55,48.646214,7.2,0.9475427,0.9255301,0.53801364,0.9193013,2
56,78.45053,11.0,0.951827,0.92552006,0.36805362,0.83004457,1
57,60.40849,9.6,0.92596936,0.9057171,0.44844928,0.88600194,2
58,103.011765,9.6,0.9235382,0.9318958,0.4024721,0.8066037,2
59,72.963104,11.0,0.91797686,0.92178494,0.42614228,0.88722533,1
60,53.900917,9.6,0.959146,0.9161256,0.44681552,0.7824611,2
61,57.223896,9.6,0.90643966,0.9248904,0.49276304,0.9144825,1
62,80.34019,7.2,0.92120117,0.9591917,0.46822354,0.91845846,2
63,79.75543,7.2,0.95839214,0.9490176,0.5357906,0.871785,2
64,58.36748,9.6,0.95143574,0.9544852,0.44680288,0.8265731,2
65,75.46304,9.6,0.92924863,0.93281984,0.53001785,0.87156045,2
66,73.733345,7.2,0.9448979,0.92355555,0.3383763,0.85118914,1
67,71.35705,11.0,0.91126657,0.95395553,0.34997645,0.8685536,1
68,90.91445,11.0,0.9031167,0.9317992,0.49658078,0.90413684,2
69,70.18666,11.0,0.9132824,0.91965073,0.48108035,0.85311,2
70,77.25524,9.6,0.93004555,0.95760036,0.494303,0.84798825,2
71,88.35458,7.2,0.95594144,0.90368253,0.4125713,0.7842936,2
72,62.083405,11.0,0.9349685,0.9487947,0.45684877,0.9069406,2
73,71.510994,7.2,0.9115455,0.9255676,0.4245424,0.88912815,2
74,91.57558,11.0,0.95065,0.9012394,0.46176612,0.8622649,2
75,70.70933,11.0,0.9048913,0.952144,0.5047918,0.84080195,2
76,86.89852,7.2,0.934803,0.9292787,0.35137355,0.80677,0
77,103.42382,11.0,0.93621886,0.93332314,0.43702143,0.8506227,2
78,42.959652,7.2,0.94708955,0.9313473,0.4819,0.8769069,2
79,73.69841,7.2,0.9042616,0.90226793,0.31251457,0.8592876,2
80,76.716,9.6,0.9350902,0.9553798,0.46599117,0.8390527,2
81,68.71358,7.2,0.92841816,0.9519525,0.3735264,0.8750766,1
82,59.383152,11.0,0.92774385,0.95390934,0.31626266,0.9082176,1
83,96.080246,7.2,0.93863815,0.95158845,0.4661585,0.90531975,2
84,102.929214,7.2,0.92272854,0.9254478,0.46771765,0.85027075,2
85,53.414623,7.2,0.9243548,0.93943924,0.42479536,0.81722516,2
86,42.029972,11.0,0.9075692,0.9357094,0.49906218,0.8038308,2
87,67.28935,7.2,0.91864794,0.9115319,0.5341044,0.85168636,2
88,61.26823,7.2,0.94665194,0.91184604,0.31669554,0.8648888,2
89,86.003204,9.6,0.95288205,0.9443079,0.3230368,0.88339233,0
90,88.485466,11.0,0.9189386,0.9497575,0.3508721,0.86322063,1
91,53.452946,7.2,0.923791,0.92045885,0.38990015,0.86586255,1
92,51.216125,9.6,0.9359499,0.95100844,0.50344485,0.8241778,2
93,61.67884,11.0,0.914677,0.9312667,0.50444245,0.8213737,2
94,101.04558,7.2,0.9541844,0.93543214,0.36191916,0.874027,2
95,81.23305,7.2,0.9508466,0.9033982,0.35224837,0.8302868,1
96,66.827354,11.0,0.9317771,0.92285126,0.32907495,0.8672397,2
97,65.59057,9.6,0.9160434,0.91560847,0.4810416,0.7878453,2
98,76.115425,7.2,0.93025833,0.9200646,0.48484993,0.9175577,2
99,75.09762,7.2,0.94081426,0.90370387,0.35272887,0.8426288,1
