no,authors,title,journal,volume,issue,pages,year,doi,role_in_paper
1,M. M. Kiasari and H. H. Aly,A proposed controller for real-time management of electrical vehicle battery fleet with MATLAB/SIMULINK,Journal of Energy Storage,99.0,,113235,2024,10.1016/j.est.2024.113235,Physical controller and provenance
2,"H. Jahangir, S. S. Gougheri, B. Vatandoust, M. A. Golkar, A. Ahmadian, and A. Hajizadeh",Plug-in Electric Vehicle Behavior Modeling in Energy Market: A Novel Deep Learning-Based Approach With Clustering Technique,IEEE Transactions on Smart Grid,11.0,6.0,4738-4748,2020,10.1109/TSG.2020.2998072,Behavior modeling and clustered learning
3,Z. J. Lee et al.,Adaptive Charging Networks: A Framework for Smart Electric Vehicle Charging,IEEE Transactions on Smart Grid,12.0,5.0,4339-4350,2021,10.1109/TSG.2021.3074437,Real-time scalable charging control
4,"Z. J. Lee, S. Sharma, D. Johansson, and S. H. Low",ACN-Sim: An Open-Source Simulator for Data-Driven Electric Vehicle Charging Research,IEEE Transactions on Smart Grid,12.0,6.0,5113-5123,2021,10.1109/TSG.2021.3103156,Data-driven simulation benchmark
5,"T. Long, Q.-S. Jia, G. Wang, and Y. Yang",Efficient Real-Time EV Charging Scheduling via Ordinal Optimization,IEEE Transactions on Smart Grid,12.0,5.0,4029-4038,2021,10.1109/TSG.2021.3078445,Scalable real-time charging scheduling
6,"L. Yan, X. Chen, J. Zhou, Y. Chen, and J. Wen",Deep Reinforcement Learning for Continuous Electric Vehicles Charging Control With Dynamic User Behaviors,IEEE Transactions on Smart Grid,12.0,6.0,5124-5134,2021,10.1109/TSG.2021.3098298,Dynamic user behavior
7,"A. Alsabbagh, B. Wu, and C. Ma",Distributed Electric Vehicles Charging Management Considering Time Anxiety and Customer Behaviors,IEEE Transactions on Industrial Informatics,17.0,4.0,2422-2431,2021,10.1109/TII.2020.3003669,User behavior and charging anxiety
8,"J. Hu, C. Ye, Y. Ding, J. Tang, et al.",A Distributed MPC to Exploit Reactive Power V2G for Real-Time Voltage Regulation in Distribution Networks,IEEE Transactions on Smart Grid,13.0,1.0,576-588,2022,10.1109/TSG.2021.3109453,Closed-loop V2G grid service
9,"D. Apostolopoulou, R. Poudineh, and A. Sen",Distributed Vehicle to Grid Integration Over Communication and Physical Networks With Uncertainty Effects,IEEE Transactions on Smart Grid,13.0,1.0,626-640,2022,10.1109/TSG.2021.3119776,Uncertainty and V2G integration
10,"A. K. Erenoglu, S. Sancar, I. S. Terzi, O. Erdinc, M. Shafie-Khah, and J. P. S. Catalao",Resiliency-Driven Multi-Step Critical Load Restoration Strategy Integrating On-Call Electric Vehicle Fleet Management Services,IEEE Transactions on Smart Grid,13.0,4.0,3118-3132,2022,10.1109/TSG.2022.3155438,EV fleet uncertainty and grid support
11,"W. Zhuang, J. Fan, M. Xia, and K. Zhu",A Multi-Scale Spatial-Temporal Graph Neural Network-Based Method of Multienergy Load Forecasting in Integrated Energy System,IEEE Transactions on Smart Grid,15.0,3.0,2652-2666,2024,10.1109/TSG.2023.3315750,Modern spatio-temporal forecasting
12,"M. Zhang, H. Yang, Y. Xu, and H. Sun",Learning-Based Real-Time Aggregate Flexibility Provision and Scheduling of Electric Vehicles,IEEE Transactions on Smart Grid,15.0,6.0,5840-5852,2024,10.1109/TSG.2024.3400968,Aggregate flexibility and real-time scheduling
13,"R. Khezri, D. Steen, E. Wikner, and L. A. Tuan",Optimal V2G Scheduling of an EV With Calendar and Cycle Aging of Battery: An MILP Approach,IEEE Transactions on Transportation Electrification,10.0,4.0,10497-10507,2024,10.1109/TTE.2024.3384293,Battery degradation
14,"R. Razi, K. Hajar, A. Hably, M. Gholami, et al.",A Predictive Two-Stage User-Centered Algorithm for Smart Charging of Plug-In Electric Vehicles Considering the State of Health of the Battery,IEEE Transactions on Transportation Electrification,10.0,3.0,4746-4756,2024,10.1109/TTE.2023.3318378,User-centered predictive control and HIL
15,"S. Xiao, X. Ge, L. Ding, and D. Yue",A Bandwidth-Conscious Event-Based Control Approach to Secondary Frequency Regulation Under Vehicle-to-Grid Service,IEEE Transactions on Smart Grid,15.0,4.0,3739-3750,2024,10.1109/TSG.2024.3365473,V2G ancillary service and communication
16,"H. An, J. Yi, Y. Xing, G. Zhang, O. Bamisile, J. Li, and Q. Huang",A Robust V2G Voltage Control Scheme for Distribution Networks Against Cyber Attacks and Customer Interruptions,IEEE Transactions on Smart Grid,15.0,4.0,3966-3978,2024,10.1109/TSG.2024.3365069,Robust grid-facing V2G control
17,"F. Al Taha, T. L. Vincent, and E. Bitar",An Efficient Method for Quantifying the Aggregate Flexibility of Plug-In Electric Vehicle Populations,IEEE Transactions on Smart Grid,16.0,4.0,3142-3154,2025,10.1109/TSG.2024.3384871,Aggregate flexibility geometry
18,"J. Thran, J. Marecek, R. N. Shorten, and T. C. Green",Reserve Provision From Electric Vehicles: Aggregate Boundaries and Stochastic Model Predictive Control,IEEE Transactions on Power Systems,40.0,5.0,4081-4092,2025,10.1109/TPWRS.2025.3539863,"Reserve forecasting, risk and operational value"
19,"H. Dong, S. Li, X. Wen, Z. Liang, H. Yang, C. Y. Chung, and J. Zhu",Multiple Time Scale Deep Expert System for Load Forecasting of Electric Vehicle Charging Stations,IEEE Transactions on Smart Grid,16.0,5.0,4015-4031,2025,10.1109/TSG.2025.3579879,Expert systems and multiple time scales
20,"C. Wang, P. Pinson, and Y. Wang",Seamless and Multi-Resolution Energy Forecasting,IEEE Transactions on Smart Grid,16.0,1.0,383-395,2025,10.1109/TSG.2024.3447162,Forecast operational value and multi-resolution
21,"Y. Zhang, M. Jia, H. Wen, Y. Bian, and Y. Shi",Toward Value-Oriented Renewable Energy Forecasting: An Iterative Learning Approach,IEEE Transactions on Smart Grid,16.0,2.0,1962-1974,2025,10.1109/TSG.2024.3503554,Decision/value-oriented forecasting
22,"Z. Wang, H. Zhang, R. Yang, Y. Chen, et al.",Improving Model Generalization for Short-Term Customer Load Forecasting With Causal Inference,IEEE Transactions on Smart Grid,16.0,1.0,424-436,2025,10.1109/TSG.2024.3452490,Distribution-shift generalization
23,Z. Zhu and H. Zhang,Real-Time Coordinated Operation of Electric Vehicle Fast Charging Stations With Energy Storage: An Efficient Spatiotemporal Decomposition Approach,IEEE Transactions on Smart Grid,16.0,3.0,2464-2477,2025,10.1109/TSG.2025.3525495,Real-time stochastic coordination
24,"C.-F. Lu, G.-P. Liu, Y. Yu, and J. Cui",A Coordinated Model Predictive Control-Based Approach for Vehicle-to-Grid Scheduling Considering Range Anxiety and Battery Degradation,IEEE Transactions on Transportation Electrification,11.0,2.0,5688-5699,2025,10.1109/TTE.2024.3488075,"Range anxiety, degradation, closed-loop scheduling"
25,A. C. Stratigakos and P. Andrianesis,Learning Data-Driven Uncertainty Set Partitions for Robust and Adaptive Energy Forecasting With Missing Data,IEEE Transactions on Smart Grid,17.0,1.0,806-817,2026,10.1109/TSG.2025.3620957,Robust adaptive forecasting
26,"B. Xu, W. Luan, B. Zhao, and C. Long",Frequency Regulation Provision by EV Aggregator With Dynamic Balance Between User Charging Anxiety and Aggregate Flexibility,IEEE Transactions on Smart Grid,16.0,4.0,2953-2967,2025,10.1109/TSG.2025.3570439,Frequency-regulation flexibility and user anxiety
27,X. Wang and Y. Chen,Carbon-Aware Quantification of Real-Time Aggregate Power Flexibility of Electric Vehicles,IEEE Transactions on Smart Grid,16.0,6.0,4906-4920,2025,10.1109/TSG.2025.3595577,Real-time aggregate EV flexibility
28,"X. Wang, S. Wang, L. Du, and Y. Chen",Online Hierarchical Aggregate Power Flexibility Characterization of EV Charging Stations With Disaggregation Feasibility Guarantee,IEEE Transactions on Transportation Electrification,11.0,6.0,13274-13286,2025,10.1109/TTE.2025.3593904,Network-aware flexibility and disaggregation feasibility
29,"S. Lai, Z. Y. Dong, H. Yang, Y. Tao, C. Yip, J. Qiu, and J. Zhao",Renewable Energy Following Strategy via Quantified Aggregated Heterogeneous Electric Vehicle Flexibility,IEEE Transactions on Smart Grid,16.0,5.0,3873-3886,2025,10.1109/TSG.2025.3580386,Quantified heterogeneous EV flexibility
30,S. S. Ullah et al.,Decomposition and Stacked Meta-Learning for Short-Term Electric Vehicle Load Forecasting,IEEE Transactions on Smart Grid,17.0,5.0,4426-4437,2026,10.1109/TSG.2026.3677496,Cross-dataset real-world EV load forecasting
31,J. He and T. Alskaif,Probabilistic Disaggregation of Behind-the-Meter PV Systems Using Conformal Prediction,IEEE Transactions on Smart Grid,,,,2026,10.1109/TSG.2026.3676842,Conformal prediction in grid applications
32,"M. Zaffran, O. Feron, Y. Goude, J. Josse, and A. Dieuleveut",Adaptive Conformal Predictions for Time Series,Proceedings of ICML,162.0,,25834-25866,2022,,Time-series conformal inference
33,"Y. Renkema, L. Visser, and T. AlSkaif",Enhancing the Reliability of Probabilistic PV Power Forecasts Using Conformal Prediction,Solar Energy Advances,4.0,,100059,2024,10.1016/j.seja.2024.100059,Energy-forecast conformal calibration
34,"J. Jonkers, D. Nieves Avendano, G. Van Wallendael, and S. Van Hoecke",A Novel Day-Ahead Regional and Probabilistic Wind Power Forecasting Framework Using Deep CNNs and Conformalized Regression Forests,Applied Energy,361.0,,122900,2024,10.1016/j.apenergy.2024.122900,Conformal quantile forecasting
35,"C. O'Connor, M. Bahloul, R. Rossi, S. Prestwich, and A. Visentin",Conformal Prediction for Electricity Price Forecasting in the Day-Ahead and Real-Time Balancing Market,Energy and AI,21.0,,100571,2025,10.1016/j.egyai.2025.100571,Decision value of conformal forecasting
36,Open Power System Data,"Data Package Household Data, Version 2020-04-15",Open Power System Data,,,,2020,10.25832/household_data/2020-04-15,Measured household load and PV external-validation source
37,"J. Jian, M. Zhang, Y. Xu, W. Tang, et al.",An Analytical Polytope Approximation Aggregation of Electric Vehicles Considering Uncertainty for the Day-Ahead Distribution Network Dispatching,IEEE Transactions on Sustainable Energy,15.0,1.0,160-172,2024,10.1109/TSTE.2023.3275566,Uncertain EV aggregation and IEEE 33/141-bus dispatch
38,"Z. Long, N. Zhang, K. Feng, Y. Wang, and J. Wang",Characterizing the Flexibility of Electric Vehicle Fleets Considering Battery Degradation Cost,IEEE Transactions on Industry Applications,62.0,1.0,15-25,2026,10.1109/TIA.2025.3587212,Fleet flexibility with battery degradation cost
39,"X. Shi, Y. Xu, G. Chen, and Y. Guo",An Augmented Lagrangian-Based Safe Reinforcement Learning Algorithm for Carbon-Oriented Optimal Scheduling of EV Aggregators,IEEE Transactions on Smart Grid,15.0,1.0,795-809,2024,10.1109/TSG.2023.3289211,Safe EV-aggregator scheduling under constraints
40,"W. Luo, F. Deng, Y. Xie, Z. Wang, H. Zeng, and P. Zhang",Spatio-temporal Forecasting of Electric Vehicle Charging Demand on Highways Considering Traffic Flow Physical Characteristics and Dispatch Electricity Prices,IEEE Transactions on Transportation Electrification,,,Early Access,2026,10.1109/TTE.2026.3723728,Independent-dataset spatiotemporal EV-demand forecasting
