ev_id,capacity_kwh,charger_kw,min_soc,target_soc,policy
0,88.63462,7.2,0.5181117,0.89037746,0
1,66.19708,9.6,0.31132475,0.890611,2
2,89.15379,7.2,0.44008884,0.78781825,2
3,49.24555,7.2,0.51067644,0.7867593,1
4,71.10477,9.6,0.52178997,0.8587853,2
5,84.47904,7.2,0.43945846,0.8621537,2
6,79.54045,9.6,0.48839837,0.91299045,2
7,73.142586,9.6,0.38880664,0.86193055,1
8,102.062454,11.0,0.46783614,0.87801814,0
9,61.54935,11.0,0.52871513,0.9145499,0
10,87.29401,11.0,0.45498854,0.90378827,2
11,71.8258,9.6,0.46822122,0.7873238,2
12,65.678024,7.2,0.3613925,0.8927653,2
13,69.0448,7.2,0.4840513,0.83410174,0
14,89.82499,9.6,0.33535394,0.8967227,2
15,63.85482,7.2,0.44928524,0.8824712,2
16,71.42799,7.2,0.4535724,0.79505527,2
17,40.0,7.2,0.41393414,0.88455874,2
18,79.41034,9.6,0.5367665,0.82076705,2
19,55.065533,7.2,0.4140326,0.8048412,2
20,57.79509,7.2,0.3088746,0.81463295,2
21,59.06885,7.2,0.48776332,0.88901687,2
22,65.43535,9.6,0.5323131,0.8669282,1
23,112.83931,7.2,0.40049016,0.8732097,2
24,76.45873,11.0,0.42236263,0.8562284,2
25,78.13524,9.6,0.35279384,0.7973103,2
26,78.44772,11.0,0.39340255,0.8268345,2
27,90.465324,7.2,0.32956895,0.82772017,2
28,69.05579,7.2,0.5451008,0.8976383,1
29,75.15657,7.2,0.4592352,0.8992676,2
30,63.88586,7.2,0.471663,0.8995263,1
31,103.629524,11.0,0.33059868,0.9182134,2
32,67.900314,11.0,0.45717248,0.8567874,1
33,49.27345,7.2,0.34304774,0.80095065,1
34,66.818375,9.6,0.40267354,0.84326696,1
35,52.73348,7.2,0.47704357,0.916597,1
36,108.90362,11.0,0.39979383,0.8096343,2
37,54.551422,11.0,0.422287,0.9175533,0
38,67.55253,11.0,0.494388,0.8750825,2
39,46.35538,7.2,0.5477326,0.8797653,1
40,81.36475,7.2,0.4847029,0.8831289,2
41,74.377174,7.2,0.49360445,0.8912863,2
42,59.09932,11.0,0.5043611,0.80831224,1
43,94.432625,11.0,0.31983468,0.8164519,2
44,81.46843,7.2,0.35284203,0.7848175,0
45,55.012634,9.6,0.32482257,0.88721794,2
46,83.06747,7.2,0.3622642,0.7916897,1
47,79.6542,7.2,0.4898813,0.8087735,2
48,85.2877,7.2,0.5263175,0.8590699,2
49,58.48679,9.6,0.35417902,0.90849876,2
50,89.7056,9.6,0.35921878,0.8102417,1
51,48.646214,7.2,0.53801364,0.9193013,2
52,78.45053,11.0,0.36805362,0.83004457,1
53,60.40849,9.6,0.44844928,0.88600194,2
54,103.011765,9.6,0.4024721,0.8066037,2
55,72.963104,11.0,0.42614228,0.88722533,1
56,53.900917,9.6,0.44681552,0.7824611,2
57,57.223896,9.6,0.49276304,0.9144825,1
58,80.34019,7.2,0.46822354,0.91845846,2
59,79.75543,7.2,0.5357906,0.871785,2
60,58.36748,9.6,0.44680288,0.8265731,2
61,75.46304,9.6,0.53001785,0.87156045,2
62,73.733345,7.2,0.3383763,0.85118914,1
63,71.35705,11.0,0.34997645,0.8685536,1
64,90.91445,11.0,0.49658078,0.90413684,2
65,70.18666,11.0,0.48108035,0.85311,2
66,77.25524,9.6,0.494303,0.84798825,2
67,88.35458,7.2,0.4125713,0.7842936,2
68,62.083405,11.0,0.45684877,0.9069406,2
69,71.510994,7.2,0.4245424,0.88912815,2
70,91.57558,11.0,0.46176612,0.8622649,2
71,70.70933,11.0,0.5047918,0.84080195,2
72,86.89852,7.2,0.35137355,0.80677,0
73,103.42382,11.0,0.43702143,0.8506227,2
74,42.959652,7.2,0.4819,0.8769069,2
75,73.69841,7.2,0.31251457,0.8592876,2
76,76.716,9.6,0.46599117,0.8390527,2
77,68.71358,7.2,0.3735264,0.8750766,1
78,59.383152,11.0,0.31626266,0.9082176,1
79,96.080246,7.2,0.4661585,0.90531975,2
80,102.929214,7.2,0.46771765,0.85027075,2
81,53.414623,7.2,0.42479536,0.81722516,2
82,42.029972,11.0,0.49906218,0.8038308,2
83,67.28935,7.2,0.5341044,0.85168636,2
84,61.26823,7.2,0.31669554,0.8648888,2
85,86.003204,9.6,0.3230368,0.88339233,0
86,88.485466,11.0,0.3508721,0.86322063,1
87,53.452946,7.2,0.38990015,0.86586255,1
88,51.216125,9.6,0.50344485,0.8241778,2
89,61.67884,11.0,0.50444245,0.8213737,2
90,101.04558,7.2,0.36191916,0.874027,2
91,81.23305,7.2,0.35224837,0.8302868,1
92,66.827354,11.0,0.32907495,0.8672397,2
93,65.59057,9.6,0.4810416,0.7878453,2
94,76.115425,7.2,0.48484993,0.9175577,2
95,75.09762,7.2,0.35272887,0.8426288,1
96,48.44223,11.0,0.33111984,0.81504816,2
97,59.31318,7.2,0.35271296,0.81476927,1
98,103.5312,9.6,0.3546218,0.7863542,2
99,63.08397,7.2,0.30346438,0.89630675,2
