replicate,raw_macro_f1,raw_mcc,pgcare_macro_f1,pgcare_mcc
0,0.7950989375037915,0.7234591434025003,0.8151938878455036,0.7393811872080416
1,0.7981056834906249,0.7346792467373923,0.8166484681321945,0.7478757438398722
2,0.8046219247170358,0.740199177003085,0.8244688380257932,0.7555023381810494
3,0.7927940810410369,0.7236135967481654,0.8134189608209731,0.7404851327921395
4,0.7956229869314319,0.7288243775628109,0.8148063292155324,0.7443523946931087
5,0.8076788051528746,0.7362831952430314,0.829614245553163,0.7536213000571871
6,0.7963964868742369,0.7272033240862275,0.8157071979203095,0.7438205940584139
7,0.802424589435487,0.7289293801762275,0.8219292451823142,0.7442588651724187
8,0.7962858820004642,0.7264245553136938,0.8152886807288492,0.741714416964303
9,0.7999821935156465,0.7318471803119951,0.8195882567287196,0.7480866639014045
10,0.7963726518986358,0.725941010523393,0.8147338084593864,0.7408624110993011
11,0.7998297782662412,0.7369129901365425,0.8198224685192201,0.7524130907990256
12,0.8006270571720111,0.7349627253234177,0.8197118129330078,0.7496009303161829
13,0.799215315349543,0.7351563724682417,0.8207959261688277,0.7530601010501196
14,0.8027325038511561,0.7347988554836384,0.8239759569512182,0.752155406270008
15,0.7991797025510334,0.7333264012210277,0.8178963000507742,0.7482368083581183
16,0.7984728714802043,0.7350858383990044,0.8184320008139981,0.7509880955937612
17,0.7957466723272432,0.7248788162326956,0.8166469973987898,0.7425254347960563
18,0.7963344916894375,0.7291839292444693,0.8183744940115038,0.7477502639743339
19,0.7909151117328035,0.715610421910918,0.8114155534771581,0.731004215783563
20,0.8053981073176165,0.7393334193491824,0.826793245819788,0.7571238071731069
21,0.8063293325935987,0.7421760659013775,0.826183861391535,0.7586416059210451
22,0.7965104835440971,0.7277631921273758,0.8154360264779107,0.7412451499037118
23,0.7940480645979872,0.7156988535000864,0.8117798428557942,0.7304897695273558
24,0.7953801149869498,0.7253319818855258,0.815670709649328,0.742199642059042
25,0.8047375734920547,0.7431476460353106,0.8254656388390919,0.7590659792013769
26,0.7928671634993015,0.7265209014820032,0.8130815938469311,0.7437642067912122
27,0.7967908812169058,0.7284891540638155,0.8179644071558263,0.7453191350235138
28,0.7936572105046374,0.7148198413672218,0.8146426409702289,0.7314873630219942
29,0.7922577457211576,0.7224777002295025,0.8144179597575163,0.7402132632617706
30,0.785160439913512,0.7077952051768123,0.8031912778583837,0.7213361130163628
31,0.7949481336410816,0.7277984386503366,0.8121005293998541,0.7420587212342377
32,0.803469754987162,0.7396846204628719,0.8216751961173591,0.7526763333848048
33,0.7997916975266328,0.732795934945249,0.8178730083212993,0.7472766244722199
34,0.8062860494587585,0.7378351027455936,0.8266995137432418,0.7545478106217466
35,0.8024312264538968,0.7394961403601624,0.8224138644765038,0.7560855905068182
36,0.7983219526768575,0.7265280041322812,0.8183932648832132,0.741957357084256
37,0.8025792009294505,0.7353557893322182,0.8233512852985196,0.751696621926127
38,0.8023477925023473,0.7408562779724365,0.8220613660082742,0.7570396625745729
39,0.7985870836939969,0.7381257478094391,0.819631567594314,0.755503390135873
40,0.7975370777244762,0.7255459523141585,0.8171677325956616,0.7414386396435404
41,0.7972511068828417,0.7293558596030502,0.816794743485168,0.7440602846822613
42,0.7981381881230697,0.727367021174257,0.8163693873997132,0.7418730111740134
43,0.8007473264447631,0.7376975276586913,0.8195214420964066,0.7517051164438069
44,0.797180228174284,0.7283009510141895,0.8150247854768189,0.7416374335061525
45,0.7964458034257715,0.7251322427346824,0.8169416694628255,0.7415913054467227
46,0.7969117766612972,0.7202894534528038,0.8174599118322642,0.7370764045493624
47,0.8014475474906145,0.7395747827915273,0.8207322037502026,0.755182547708271
48,0.8025252424310415,0.7346152970074995,0.8224280870166089,0.7501220612278087
49,0.8010129511549259,0.7369373122301326,0.8196051855547809,0.752211593509623
50,0.8036266243287074,0.7328767848338602,0.8239349502769991,0.7494756902899719
51,0.8008033707460709,0.7365312869071786,0.8214538174918561,0.7533254280847356
52,0.7976631910827914,0.7277867087391634,0.817298886853176,0.7442391937853349
53,0.7997166979929237,0.7309118031918173,0.8178781478481362,0.7452653447594871
54,0.7993394781591986,0.7325467016252728,0.8213403279114323,0.7502931973162513
55,0.8015071935151417,0.7360504629756899,0.8187469330531693,0.7497816742995336
56,0.804923443944434,0.7451395630689023,0.8243322647424834,0.7598023506843989
57,0.7965095703101062,0.7264788551509569,0.8166576675108538,0.7411822349309275
58,0.8029410286241284,0.7316154536354725,0.8200204433250041,0.7450730033878405
59,0.7937019523836072,0.7240563476210012,0.8138300074688024,0.7402402422831723
60,0.8128761901816075,0.7533070580920528,0.8323301986652837,0.7678393254652278
61,0.7909288663061064,0.7195766668448315,0.8122900987993562,0.7373304897783679
62,0.8096696036002254,0.7508137425552712,0.8312362602358112,0.7672761359245646
63,0.7985277912592098,0.7262324041505924,0.8179337558183383,0.7410267721714845
64,0.8110928167736873,0.750882061878802,0.8290964191271865,0.7652857268652664
65,0.7887634187647174,0.7161767029150793,0.8096193184435078,0.7307924724594993
66,0.798335070380467,0.7298044601015341,0.8190606071357625,0.746081647840513
67,0.8015315841066367,0.7278879611575236,0.8188740150296403,0.7410362999209857
68,0.805461496522299,0.7372543263399566,0.8263978169626544,0.754316880471486
69,0.794876532363921,0.7228390325536088,0.815488001285351,0.7390875959254001
70,0.8060503581400229,0.7441431001860179,0.8249575770373557,0.7583459029191764
71,0.7956704775190481,0.7257162485241714,0.8154850422778153,0.7422197749894646
72,0.8008826727923745,0.7290840690257875,0.8202192437900154,0.7448386692166449
73,0.8008756239486717,0.7386120712320705,0.8180699578309852,0.7535291020140534
74,0.7993129073116122,0.7319544591797121,0.8191058990484575,0.7476557012253293
75,0.7883428848622797,0.7175688608565102,0.8086471281451687,0.7335356405702481
76,0.8004222350367055,0.7377921979831629,0.8204600379381937,0.7546866591978972
77,0.797278651172841,0.7263978967148468,0.8140899194166992,0.7394728612919024
78,0.7967569299386073,0.7246385984109499,0.8183548098357054,0.7422775922852727
79,0.7900700107369313,0.7181474757862211,0.8105697964009861,0.73400482045059
80,0.8064819182832591,0.7452874305886316,0.8240096237837555,0.759132413742256
81,0.7928105619984005,0.7176830050214739,0.8102702261939595,0.7308357272993451
82,0.8086803464863874,0.7453825346256553,0.8256801224308896,0.7595675851539444
83,0.8047528058333872,0.735105859428682,0.8237043826426081,0.7505823756147562
84,0.7966822376949209,0.7252579352781234,0.8170157009466462,0.7414916821593867
85,0.8009490289669476,0.7380037980823372,0.8214405851721421,0.7540517838285601
86,0.7974576656149411,0.7278734945270723,0.8190959993330628,0.7456475373261102
87,0.7932145995733212,0.7221984236228961,0.8152950994374683,0.7397983669527909
88,0.798374960842429,0.7268427954744829,0.8160541842637229,0.7404064924258564
89,0.8007087040613295,0.7353849513588772,0.8221377276955399,0.7536321035920756
90,0.7919182219932411,0.7206133761081025,0.8093624410452249,0.7333516055077616
91,0.7967115946142104,0.7275420087048976,0.8172880248974961,0.7441577960405051
92,0.800658229817889,0.7395150662076143,0.8205614485211438,0.7549597597859226
93,0.7976553765834705,0.7268043618627801,0.8167208830652202,0.7422012717534461
94,0.804970430029908,0.7403522438265399,0.8237165564114527,0.7550182117079537
95,0.7980782433508414,0.7274409328521113,0.8209190499634708,0.7463830038911836
96,0.7942750116601704,0.7230057844552887,0.8152097826264724,0.738438097093433
97,0.7933831806130379,0.7214345219237674,0.8145705695078624,0.7379518778018951
98,0.8034128260255821,0.7367368687076092,0.8225500514633568,0.7522115634044758
99,0.7953543008661241,0.7189329547233277,0.8139141197219936,0.7325736683070578
100,0.8043518639384454,0.7396104903638859,0.8248074082312428,0.7572272852224635
101,0.8003985724774682,0.7328187473500295,0.8206443802053913,0.7480742304327713
102,0.7985959071498971,0.7302461549333095,0.8201367182966673,0.7472454055950247
103,0.8013985579347668,0.7379948900569492,0.8199252675735713,0.7532968027904098
104,0.7945587119967241,0.7252297623366465,0.8138428794663916,0.7399549834119926
105,0.7908790641013036,0.7161718187516095,0.8116204416027246,0.7324775280029385
106,0.8022696384176319,0.7323701849134784,0.8207311093604162,0.7473729817082951
107,0.8061513301302555,0.7439918977079213,0.8252741525001649,0.758342489879992
108,0.7935161485799486,0.7222280657007072,0.8137166134061338,0.7386059709062399
109,0.8069487973379658,0.7402673245963837,0.8261278009787086,0.7554708068691226
110,0.7931899640512169,0.7176725334947258,0.812575456739339,0.7338318831370033
111,0.8074902366774227,0.743347816090931,0.8255275147028159,0.7583715100957055
112,0.7947640316294416,0.7223904696799791,0.8131503655478364,0.7363076489895886
113,0.7924771368293526,0.7161825303340128,0.809839898691917,0.7290271089107884
114,0.8001533342432445,0.7278550421903673,0.8195867893933831,0.743594590889465
115,0.7983257351890231,0.7317886687703402,0.8186659165742043,0.7476968072526065
116,0.7967202091547457,0.7280309759810535,0.816674891090066,0.7444448655197309
117,0.7971542195786455,0.7275487173497277,0.8185166686292037,0.7445864155236482
118,0.8010381210654609,0.7356816074996056,0.8204039489242724,0.751064569999935
119,0.8055364452613157,0.742673598593506,0.8253839215452042,0.7588426671483474
120,0.7970878041064973,0.7239135317667224,0.8150080252147301,0.7374550740796376
121,0.794715651539094,0.7203020002369931,0.8143831554130108,0.7354178927487374
122,0.800457837559768,0.7339516700377647,0.8196207825885669,0.7485794090360969
123,0.8004155225148807,0.7336899148940729,0.819801986786621,0.7494359793630404
124,0.7934772628758558,0.7252658499993343,0.8124105333723185,0.7404396576085899
125,0.8020398495132061,0.738728830783758,0.820889737065578,0.7540688065312947
126,0.7956211903809249,0.7257275550139979,0.8134653340990207,0.7393375056859532
127,0.8024085361752449,0.7331215167013151,0.8203697415082405,0.7463523440252784
128,0.7986020173183007,0.7340772251260607,0.8199757678032062,0.7513646058108855
129,0.8016888743369127,0.7356112814016917,0.8199965124619423,0.7489908527643448
130,0.8005610106462452,0.7372888344396237,0.8200277351193517,0.7521758658940846
131,0.7894695351831323,0.7146005634541022,0.8069219537678226,0.7276703410498311
132,0.8068313206680128,0.7410580664648302,0.8274070860331388,0.7579465933874658
133,0.7928650745367473,0.7245305251129454,0.8094093749818247,0.7377327532660327
134,0.798523616234362,0.7292642770341511,0.8172940131373592,0.744745792268662
135,0.7890643135988312,0.717993462438834,0.8097971719421632,0.7339380864046496
136,0.8002373430844871,0.7328460816485527,0.8208904712797755,0.7496810559637667
137,0.797680197776871,0.7288507772687823,0.8165633268369191,0.7431619914232589
138,0.8030201993111428,0.7356113876371121,0.8256281395698238,0.7545316824671674
139,0.793178766207744,0.7184013515067473,0.8126648750907951,0.7339340042024504
140,0.7983432789925766,0.7293030172344331,0.8197855987949256,0.7450024169696317
141,0.8046553765168358,0.7376928094620524,0.8245680873272545,0.7539486111853018
142,0.796198608084835,0.7294894791531406,0.8161361932128278,0.7456148304906589
143,0.7927170172528748,0.7181081439923573,0.8116189647576618,0.7335930955632566
144,0.7993820697323203,0.740549152943893,0.818034330006146,0.7564325714408341
145,0.7986664216833521,0.7328912403648182,0.8170590942356449,0.747809513552417
146,0.7957756821903427,0.7268716374492432,0.8144461331702627,0.7420503059550273
147,0.8052421310409367,0.7406597508916272,0.8260381362340127,0.7569812642668282
148,0.8047528024243181,0.7393429690432256,0.8252062211264414,0.7555967658048478
149,0.8009871819335598,0.7303005045378183,0.8218765733471419,0.7471013923517298
150,0.7964638305804307,0.7326107682366099,0.8167125184823316,0.7493693805388538
151,0.7994194188492901,0.7306083156684976,0.8191635223004567,0.7464338427568896
152,0.7973370811403419,0.7271676596409365,0.8178298688120339,0.7425820877594055
153,0.8038376180958124,0.7395685389067527,0.8231793500528424,0.7551558368660435
154,0.796611061330875,0.7277203768713142,0.8170404237456593,0.74440141058416
155,0.8009820636187563,0.7350829139741542,0.8205354766765464,0.7498363176342016
156,0.8061774511217056,0.7400337583863098,0.8255121186784079,0.7557445106201774
157,0.8002746864387734,0.7360118804764774,0.818555271030389,0.7501525389642201
158,0.8032788173530395,0.7382365472059911,0.8213468454863682,0.7522328190229578
159,0.8026106992865172,0.7369570959431354,0.8227037313716122,0.7522185819045376
160,0.7949054492413703,0.7268318278804036,0.81486346811975,0.7423711011010069
161,0.7947163246974736,0.7240124881964194,0.8144702530820833,0.7399826219326908
162,0.7922654404740546,0.7252151230047014,0.8118029343906157,0.739782354216623
163,0.7925556042488061,0.732193509150538,0.8114220922448246,0.7473213060048881
164,0.7934152957750186,0.7226146291360832,0.8146906067685743,0.7391492048754477
165,0.8053929500397561,0.7429559905446035,0.8240354554626211,0.7581287488718339
166,0.8008978893316975,0.7332570493465789,0.8210624354676906,0.7491476788578024
167,0.7951195786368324,0.7243977368755198,0.813330084002002,0.7386191869670887
168,0.7951719227289402,0.72469977183464,0.8137689514530925,0.7387721554638834
169,0.7909520903107691,0.7188695349297695,0.8100690162815664,0.7329011476086026
170,0.7924001197736082,0.7274742790617142,0.8113835403284092,0.7428547371937853
171,0.7979917856525169,0.7279306215154085,0.8184948143285213,0.7446985033867923
172,0.799383269779887,0.7360785723371562,0.8212857641514141,0.7537589653367482
173,0.798580217260929,0.7259681587904915,0.8189831161441394,0.7417116245372872
174,0.7998846129689637,0.7323322787777639,0.8189969146062973,0.7473082492809074
175,0.7956443431150597,0.730522587727,0.8129236041988115,0.7441151153318547
176,0.8018383892909959,0.7399224502780936,0.8216280159167134,0.756148946941814
177,0.7988090770334212,0.7335999288083404,0.8203808132929663,0.7501212306927728
178,0.7944169986232383,0.720108983258239,0.8138920708463283,0.7354590397925985
179,0.800703728670975,0.7343934151816851,0.8200496089134871,0.7487383850080808
180,0.8028929461043107,0.7388071824253322,0.8219406726431678,0.7524086106616072
181,0.7997850698135632,0.7332052287151504,0.8191584989400322,0.7477710974811591
182,0.7914874395206729,0.71635712692233,0.8111978452962175,0.7325217668504692
183,0.8073517711922218,0.7445149930503471,0.8261825177040136,0.7594908306503033
184,0.7964103073739724,0.7268406324592069,0.8174100487048941,0.7436104859081571
185,0.7968051892529516,0.7329982847675447,0.8170115197757409,0.7495303864379668
186,0.8070353611728925,0.7436063505633471,0.8294680621213887,0.7615569510265409
187,0.79304503712649,0.7233474988293457,0.8128683060431516,0.7395247436105626
188,0.7906829871810696,0.7186041067637594,0.8116076005577817,0.734972079177303
189,0.7989935889876497,0.7310595984304457,0.8185168227476723,0.7474991952280747
190,0.7984156869746465,0.7296604105372797,0.8195086303438904,0.7450503098134594
191,0.7964439720570256,0.7271127630849814,0.8167352936672819,0.7434588403235891
192,0.8029262075284906,0.727955853053461,0.8204364696309905,0.7415064858335474
193,0.7962600133212542,0.7275370904387716,0.8150087810695698,0.7423132982842828
194,0.7986851792901811,0.731284277298235,0.8187735936250253,0.7458780236902347
195,0.7949268445637422,0.7271812963330321,0.8152846631632357,0.7448754638792755
196,0.7899505964444904,0.7247331380874509,0.8091505908236488,0.7390375419333582
197,0.7965284590013356,0.7257540377239179,0.8156103016766552,0.7403717028689325
198,0.8026561778062521,0.7417586646446762,0.8235600146792136,0.7579483837800625
199,0.807587089349477,0.7437997961065591,0.8259437879193309,0.7583869832555925
200,0.7961265252931998,0.7203737876262698,0.816191612393596,0.7356904502524322
201,0.7984564706031732,0.7305173213631342,0.8214695267311419,0.7492339716560381
202,0.8047151788254117,0.7390337788257755,0.8263445893830217,0.7572612711722534
203,0.8006263085023874,0.7323995893614884,0.8218874695333902,0.7487873571828154
204,0.801459463296886,0.7362366642006044,0.8215273626856908,0.7514810415188907
205,0.7964836402087584,0.7349829501878091,0.8156775634974456,0.7504173899916902
206,0.794233870737302,0.7211754571384934,0.8130611828139035,0.7347631865115734
207,0.798240382165977,0.7329788063338017,0.8181660094000763,0.748890549238505
208,0.806387996044474,0.7455833738684655,0.8257918936062895,0.7610055527776756
209,0.8021770392074211,0.7344956543967611,0.8195149265999985,0.7471030382844498
210,0.7980108055396675,0.7267019995817713,0.8181755640426639,0.742934130458339
211,0.7987757989841254,0.7262052734115572,0.817151718213959,0.7401081840133313
212,0.7950518124270435,0.7237602884541774,0.8153958333234308,0.7403733232648181
213,0.801423693814766,0.737878570067754,0.8226056761566527,0.754852671959338
214,0.7967273406997296,0.7297938545070682,0.8182199074540196,0.7462557638177184
215,0.7923378698413418,0.7204266397424754,0.8143561095648182,0.7403547528105852
216,0.7929401698062168,0.7209437293687107,0.8116084687219013,0.7362329376982586
217,0.7957033882154244,0.7294181096199803,0.8147050778539624,0.7450766433901389
218,0.7960504715665221,0.7280595252505742,0.8154790141044957,0.7431985845942619
219,0.7996347234048574,0.729037001911477,0.8196470888429883,0.745630780603525
220,0.8000885667673564,0.7329574875426978,0.8187667908083097,0.7477680622684818
221,0.8099286987153317,0.7483096309079843,0.8313336064849666,0.7655679840157458
222,0.790842645803952,0.7144907392856076,0.8119136611464165,0.7303467314837183
223,0.7978394412013414,0.7282820281270788,0.8160238018912341,0.7436735881416398
224,0.7892404025719894,0.7172020518403209,0.8083147208804385,0.7322392989271621
225,0.798855655809381,0.7325570834401409,0.8184588152650666,0.749058383938004
226,0.8059486634450629,0.741645757200799,0.8277396533030782,0.7589866072560796
227,0.7984737264570446,0.7312934434198851,0.8197193149303607,0.7484057826795891
228,0.7974041926645633,0.7351016199171916,0.8181822624919013,0.752031270155779
229,0.7980665913589227,0.7292489204069957,0.8179082872282541,0.7445919451109226
230,0.7909980836127847,0.7174474865701979,0.8120453691341852,0.7352702855115588
231,0.8002786944806495,0.7318510934043938,0.8190775966148882,0.747383532923299
232,0.8036579364993206,0.7397364525429336,0.8225617160351173,0.7555440570523981
233,0.7990098101723676,0.7272427312378323,0.8182547141427081,0.7430790974359508
234,0.795456354825876,0.7222491787675862,0.8128553058964784,0.7354283402681471
235,0.8072796749600876,0.7409430151126968,0.82528781555509,0.755497550753441
236,0.795279735687015,0.7262954597159703,0.8167080449022177,0.7448847299415932
237,0.7986830477346357,0.7325912194782342,0.817506521864224,0.7484692589565043
238,0.799942182356705,0.7327269592238584,0.8209431196580503,0.7484322209120439
239,0.8039467789551886,0.7381895067639425,0.8227424008550374,0.7541515430079814
240,0.8030180107311482,0.7395358624893634,0.8229669356601178,0.7550603880313443
241,0.8014904379077669,0.7284668899904603,0.8197510817613217,0.7432848003686544
242,0.7984438269571433,0.7290871531925939,0.8183986800669224,0.744856528007133
243,0.7995388629206238,0.7358150071875174,0.8211874724532651,0.7532440673024516
244,0.80079431235934,0.7342342733853655,0.8224667736204752,0.7505909170809664
245,0.7985761155422074,0.7303947619348342,0.8188001830122197,0.7457232443903171
246,0.80192406218193,0.7377645122298202,0.8214015203220429,0.7549345602086285
247,0.8030132661193384,0.739826425511052,0.8231756297705579,0.7563934706773267
248,0.795728953722763,0.7270154622077598,0.8147198237073207,0.7413389568270846
249,0.7935366631364206,0.7246792830099104,0.8120970852788986,0.7380559697381457
250,0.8023782133745945,0.7358044034533845,0.8222295771674323,0.7505505792763831
251,0.7904784638324956,0.7168660924358199,0.8086721102874622,0.7309134332195154
252,0.7999606782786657,0.7325457589098565,0.8229318294814375,0.7511994796465427
253,0.7926820303594443,0.7230134829213443,0.8118597583845149,0.7375016948871695
254,0.8007901728496374,0.7297885592398327,0.8202075521666572,0.7454806210972167
255,0.7977781302730532,0.7276279023617857,0.8168892602998327,0.7436267903760655
256,0.7989570154962334,0.7288321796998574,0.819723413625182,0.7458194356714435
257,0.8072628093552897,0.7427798248245395,0.8265525544039559,0.7585345031221732
258,0.7945403115897903,0.7306419503692501,0.8149061576060032,0.7467056762467842
259,0.8016553330069248,0.7360613130125189,0.8200134552489212,0.7507915029271023
260,0.7898327644491289,0.7111097868753118,0.8082658418764491,0.7256150782727284
261,0.799810604791257,0.7316881675788124,0.8186113725113972,0.7460848908109144
262,0.8035765887020948,0.7453193028231603,0.823750254004667,0.7618908257643726
263,0.7994871985804813,0.7369081953748825,0.8177776345510709,0.7518730207108695
264,0.8093756593892114,0.7444406851224927,0.8306247609111997,0.7621789606717932
265,0.8029546444730494,0.7318155176212907,0.8191648527991763,0.7453995339735027
266,0.7957386535904328,0.7277712651758099,0.8161631101808241,0.7438334541676885
267,0.8029672874291065,0.7403633847015391,0.8222235564758976,0.7551093344889184
268,0.8016297659495947,0.7373148823073867,0.8218183555915329,0.7537691829974253
269,0.8035288837792333,0.7442420638181688,0.82455563241925,0.7608921633398954
270,0.8020278162700617,0.7360997333320647,0.8226698743505496,0.7529007529710742
271,0.7967202937306691,0.7307893574485818,0.8168633423504389,0.7483460213511969
272,0.7954167026356571,0.7331432194552326,0.8138655752345704,0.7478859782674482
273,0.7973129820304163,0.7294498325172568,0.8174560355193187,0.7452945143156255
274,0.799938505680286,0.7289967160549903,0.8197700292128375,0.7441602066627341
275,0.7975581470533647,0.7282027547519393,0.8163798146176884,0.7429403672116823
276,0.7939271456337728,0.7237881081569459,0.8141593019301404,0.7407825749144701
277,0.7893649377002144,0.7135169627553589,0.8078110072522761,0.7274505815004229
278,0.7922185562920174,0.7188762079773879,0.8113547642237228,0.7338486262238002
279,0.8003601027400711,0.7322489626504559,0.8171247701340368,0.7456589892098124
280,0.7987558623457813,0.7309242419205962,0.8195710832808235,0.7478076738882613
281,0.7990128911163749,0.7294836451355742,0.8191068256413763,0.7459468447493507
282,0.7937971271801688,0.7205142546888342,0.8133241108005861,0.7363258411395219
283,0.796800339928471,0.7316355776725378,0.8164466966365277,0.7464393332970954
284,0.7956196509767963,0.7307548049965273,0.8165826321976816,0.7469394591345511
285,0.7921628540564533,0.7226851293430562,0.8122747825377695,0.7388431742855713
286,0.7996241517952956,0.7356909538451383,0.8181635400059818,0.7508154617032052
287,0.7952527759702092,0.7316660270659366,0.8167586989033561,0.7479716600693407
288,0.8052666288468417,0.7425175514951642,0.8253890590017962,0.7571744578165218
289,0.7900923304754054,0.718039150347637,0.8090064847925603,0.7336328744044489
290,0.8022449344171897,0.7319237218177442,0.8213902706999248,0.7463536540990949
291,0.8042472984414459,0.7430743594193686,0.823574666611106,0.7586246513533367
292,0.796054505947744,0.7280701784724781,0.8143079450043108,0.7434734390221784
293,0.796507990326468,0.7334469508252338,0.8184750882912302,0.7511970948152422
294,0.7939190079597437,0.7222379600868629,0.8131278031386623,0.7368248175418712
295,0.7982221063408016,0.734877704768735,0.8188762330847328,0.7517337499517747
296,0.7955032061717563,0.7289026070860698,0.8138012035488166,0.7433507600609625
297,0.7969130321658183,0.7240911815894234,0.8141023220036124,0.7372835332879893
298,0.801134241761203,0.7337574922762415,0.8212221645323455,0.7496182067787158
299,0.7990793445867933,0.7319292051190631,0.8191079228174839,0.7484937918727663
300,0.802454899714162,0.7354904138680312,0.8183356126307698,0.7478054005280476
301,0.800563829264636,0.7387438973604546,0.8208818360005316,0.7552727164933661
302,0.7928858831269566,0.716565563773619,0.814860120083878,0.7333646729442448
303,0.8006200940264349,0.7363090161832313,0.8200884352916812,0.7521605455677265
304,0.8040294592361844,0.7447166803445229,0.8261164390343283,0.7632809525325268
305,0.7937774930405341,0.7219203955289225,0.8097607250954527,0.7336284454397479
306,0.795470626122393,0.7295907997820084,0.8155607315179401,0.7458210017070693
307,0.7923581958372261,0.7164084743392645,0.8114931286672027,0.7312456930974688
308,0.8037990333703825,0.7345212568801909,0.8240302905423728,0.7510428452526575
309,0.7918975625898054,0.7210744621083336,0.8116687665293331,0.7357183193688778
310,0.7882416165747471,0.7093924498154961,0.8067556007684561,0.7236980720127956
311,0.8023446104938156,0.7337654397596404,0.818333106970686,0.7458537177529746
312,0.801078923498824,0.7351811298303511,0.8222117608909031,0.7519872935666481
313,0.7976730465092529,0.7302870843650199,0.8168981236126323,0.7459075244977278
314,0.8001334894258335,0.7375030426427394,0.8193766283820968,0.7535914568561262
315,0.8073604396036472,0.7420525723977341,0.8266888144384192,0.7569701113043261
316,0.7946286331956077,0.726173046238878,0.8148007872419271,0.7413503435558626
317,0.7991171110913838,0.7315962539657241,0.8184459272376241,0.7462722268545223
318,0.7963655085820701,0.7243538804598889,0.8171648247618476,0.7395421710023006
319,0.7987049359148229,0.7316537777788029,0.817988455490238,0.747042836315718
320,0.7937147234846252,0.7255080575094458,0.8125862783728725,0.7408786541862821
321,0.7944650710650659,0.7228178179056378,0.8125906689669743,0.7378315571423256
322,0.8005220631660764,0.7310956209430433,0.8178781778479491,0.7438862652014523
323,0.7972776139324552,0.7288870311298473,0.8161782932020083,0.7437356597790364
324,0.8008199080796033,0.7275893985008822,0.8220806396651165,0.7440421672142794
325,0.800182816263077,0.7325298475744626,0.8193792805274206,0.7477173277292846
326,0.796116250145305,0.7324944738465475,0.8148418234183704,0.7454159930705254
327,0.7923874927803788,0.7220313243527383,0.8122466575977619,0.7374738811726944
328,0.7993155273995685,0.7292105376175726,0.8180850830291243,0.7436771757908911
329,0.7933507459945446,0.7254100732047083,0.813589534417456,0.7415015686911467
330,0.7993080408173115,0.7297167535645891,0.8173491293745716,0.7439472456640875
331,0.8026636750866539,0.7352856451496605,0.8233926139776474,0.7529315432047333
332,0.8015948740998246,0.7399286635154118,0.823761068661521,0.7569750334808747
333,0.8032913198082395,0.7380427758471759,0.8227050051043188,0.7527920232811426
334,0.8002610360963841,0.7344962528889789,0.8184437696487378,0.7486053402734781
335,0.7969061873116101,0.7259043490607787,0.8175370980015768,0.7420497918305623
336,0.7896275821764059,0.7149998954247202,0.8099703807153328,0.7313009544103309
337,0.7999966650237189,0.7354856344778958,0.8199246458687882,0.7512595600215832
338,0.8060507142501182,0.7408510121640359,0.8267013848430843,0.7575995530118321
339,0.7987123660302503,0.7301557838739543,0.8176497062442204,0.7457937662743976
340,0.7990341945472195,0.7292968773329033,0.8190156824855824,0.7454538830077195
341,0.8037676079347555,0.73805505515727,0.8227452957629263,0.7530493445822873
342,0.8002354695488901,0.7279690101568925,0.8181048884497125,0.7416202539974144
343,0.8082221262441193,0.7457854106246126,0.8288940500625502,0.7620778348548543
344,0.7971865739401734,0.7275621551874099,0.8179631773309056,0.7447941453484465
345,0.8015573680108571,0.7340743100968768,0.8232760563005465,0.7508396728436388
346,0.7981194422226325,0.7323369216637557,0.8155652005460411,0.7461381150178615
347,0.7998058719737692,0.7328241495044499,0.8214192730708018,0.7505424179123278
348,0.8043226113702762,0.7397294551007462,0.8257239383778058,0.7563221890502604
349,0.7970121537350702,0.7274892906630875,0.8148926993037797,0.7420751989787888
350,0.7903330340881567,0.7206447629216923,0.8107129395364012,0.7371620835395882
351,0.7974016967256187,0.7270198592998269,0.8193400650581761,0.7447387535235364
352,0.8029999407065892,0.7343834346119842,0.8246386794733095,0.7515518765122694
353,0.7907866377869599,0.7180450240303773,0.812764479469266,0.7339319229669539
354,0.8022603040572717,0.7341878204728759,0.8219600913423905,0.7506872506348549
355,0.8018832352280615,0.7371295872728548,0.8234046422298776,0.7542948799662063
356,0.7912614076440434,0.7196532939107662,0.8116142922073957,0.7367584590536924
357,0.7997597281568544,0.7349355786567084,0.8194163752919263,0.7501314901428455
358,0.7938866595426234,0.730232392847265,0.8119067063927724,0.7458902505487535
359,0.7957808428876753,0.7292747109969258,0.8142215922638091,0.7429113662788569
360,0.8028316535513348,0.7390366354853777,0.8219984274827494,0.7545335053359331
361,0.7964387496162871,0.72459452608101,0.8158571288320218,0.7400241991603846
362,0.8004056152620403,0.73761474204005,0.8209043704749529,0.7539187341130352
363,0.8098513646949789,0.7455371284344584,0.8273367418135636,0.7591552441611301
364,0.7950509050592937,0.7204939562522836,0.8158464145451418,0.737305432246069
365,0.7996618822027854,0.7277585875915662,0.8164846002810995,0.7407198129333401
366,0.7958202062768684,0.725176717047239,0.8187286531430766,0.742985005153477
367,0.7966428764436877,0.7338187776187881,0.816709002623703,0.7498669599043561
368,0.7962808018580301,0.7262410910173878,0.8167179789508542,0.7422976559624466
369,0.8037373456486394,0.7413572483168577,0.8231316700384584,0.7561583905458296
370,0.7985571611787255,0.7306487745368592,0.8194818977392838,0.7473250856692434
371,0.7919189707654422,0.7137911181312464,0.811757492078882,0.7298547584120143
372,0.7859507864623757,0.70594963666553,0.8060317192423487,0.7206202830768351
373,0.7992969106739017,0.7313400240291804,0.8186968982455753,0.7465672381596197
374,0.8026580436153335,0.7327430178026086,0.8213834735003465,0.7470349139104558
375,0.8049440359807108,0.7390437647621885,0.8266640506467632,0.7556626159860914
376,0.7972919854557897,0.7278066870877058,0.8165370110532195,0.7431871353728537
377,0.8009431570920001,0.7291169556918838,0.8213697739637958,0.7448234356122366
378,0.7997111335199224,0.7349361048199248,0.8201582138672364,0.7512581267117069
379,0.7993653531380639,0.7326499357826642,0.8196196243474092,0.7489414612200136
380,0.7947827895037608,0.7306746057940082,0.8167551130546808,0.7488210348624438
381,0.7976395226448713,0.7259228086355002,0.815776636667083,0.7408212480648846
382,0.8020343643216886,0.7374784269415517,0.8219936990036495,0.7540836928060921
383,0.7889667174195862,0.7106853105775355,0.8062412469232391,0.7225362115303361
384,0.8000847538444487,0.7276871207244949,0.8207634268367898,0.7439367285077101
385,0.7958935078387442,0.7263313968642929,0.8152785980166438,0.7415538537675356
386,0.801577185474117,0.7324636850964305,0.8216751996852198,0.7488545248561507
387,0.8040687972960363,0.7356014640571483,0.8233710933958373,0.7509002580296916
388,0.8060932962604154,0.7443621507389526,0.8265283665935977,0.7612495855090143
389,0.7919339841328842,0.718095333983867,0.8120681498488663,0.7336134764130233
390,0.7990444179905829,0.735063561453366,0.817613578489496,0.7510612542604406
391,0.8020165353533898,0.7367764160706889,0.8237173854887224,0.7543966344065879
392,0.7999948244830094,0.7316267679967794,0.818318502565775,0.7466530425711521
393,0.7972094790406139,0.7243975030755202,0.8184185160869197,0.7417754897696742
394,0.7948255220523818,0.7213263721403165,0.8166811703693867,0.7384610266879517
395,0.7942980495291362,0.7213482956509573,0.8145036540061552,0.736512024066538
396,0.8011031302899744,0.7305519987221771,0.8211192528098051,0.7470446766961986
397,0.8001559475870027,0.7316788629732317,0.8158502058789193,0.7434565599184512
398,0.7973863036634766,0.7254996048612823,0.8174209605862611,0.7422564447180388
399,0.7976221737986048,0.7319637604611688,0.8159365222378153,0.7469423678065025
400,0.7914307685029808,0.7205432711203398,0.8115500541627165,0.7367856878407676
401,0.794498978330354,0.7260834437973923,0.8141800716810992,0.7424236456110176
402,0.789920617470831,0.7130474056450606,0.8103429269083673,0.7275675212851015
403,0.8007519661220779,0.7296402968274914,0.8227894292959589,0.7472171451968995
404,0.8010203239754455,0.7294504532863285,0.820611125189581,0.7455713527677789
405,0.7983622911724503,0.733281736716462,0.8171053567056257,0.7477300056908516
406,0.813428433737319,0.750863936681352,0.8338192560410348,0.7687570944455913
407,0.7861282499301625,0.7122455327650332,0.8054084593431555,0.7282553813922531
408,0.7983444993708902,0.7295139127028574,0.8172322350168173,0.74480754829158
409,0.802410355688735,0.7390820047963718,0.8214125324250112,0.7533683783762661
410,0.7980936659725536,0.7295451203427872,0.8177096118209528,0.7449550352233728
411,0.8034390439598332,0.7417733197201655,0.8217072372191087,0.7563782770821541
412,0.804626532848611,0.7407833141632227,0.8244443430334504,0.7564067818668309
413,0.8005443933210677,0.7337448031508389,0.820527729657413,0.7505368221017562
414,0.7957114121201193,0.7272779586741256,0.8131033062513989,0.7411723904454531
415,0.8024116484308546,0.7369897432660849,0.8234559232469048,0.7538158647296718
416,0.8038233146973389,0.741612461630237,0.8235803582607287,0.7576012252293588
417,0.7939950066819522,0.7197562559054727,0.8116714441261657,0.7340410853264138
418,0.80487530316239,0.7411128826334291,0.8239060939252304,0.7563273302978719
419,0.7933269564977653,0.7251427101453726,0.8161277181538873,0.743590575225134
420,0.7941741279056896,0.7229233985635465,0.8123497639251749,0.7365825027406655
421,0.799302219989575,0.7284720972599306,0.8194635974339493,0.744453320319486
422,0.8038896421871923,0.7435840603253699,0.8264508787892133,0.7613945694743721
423,0.7946504639605044,0.7276594101398641,0.8122574524288743,0.741363722116412
424,0.8011864979117171,0.7349610474156141,0.820959795195385,0.7499098795858651
425,0.7997487576147595,0.7346784587121502,0.8199710961077026,0.7495178214029616
426,0.8006660498535728,0.7375568939174991,0.821412982810615,0.754360851178235
427,0.7954943306867622,0.7251667594285159,0.8132169708980718,0.7397632032684411
428,0.8028316966614387,0.7315466765781471,0.8260414702296887,0.7497752075961328
429,0.7933909665672005,0.7254953844148412,0.8141579286184312,0.7411107237484558
430,0.8041815021272686,0.7428671282383943,0.8248061245670578,0.7589784751074159
431,0.8013079268298667,0.7389505576363783,0.8209595442361008,0.7560965491292962
432,0.7927019539768668,0.7166990273011086,0.8124329520040824,0.7312440866621617
433,0.7929090910572322,0.7197591817186939,0.8126130823385457,0.7346621811563644
434,0.8043072573080199,0.7395057276088397,0.8242232838229727,0.7566340836266815
435,0.7946914452276798,0.7261470391786693,0.8155465483860834,0.7425476835612883
436,0.79478054683798,0.7302802396952612,0.8156367248397568,0.7466775376059995
437,0.796913078315164,0.7306013070673297,0.8175879729982967,0.7477599872311328
438,0.8090439594867065,0.7498438163290914,0.8295724327000693,0.7665509315758195
439,0.7961660449190356,0.7280265067030535,0.8116864457228038,0.7408070449531595
440,0.7985452979043989,0.7316460411167314,0.8139892008691479,0.7440784111092209
441,0.7863081836125483,0.7090269030568568,0.8054357508331634,0.7249222427221269
442,0.8066394474318678,0.7382539038481084,0.8269018199564343,0.7535477388380016
443,0.8015415602328443,0.7349174236251924,0.8192888378316976,0.7494679028145922
444,0.7948749870392516,0.730804296055598,0.8132370264855263,0.7452603075967875
445,0.8019157335840138,0.7326847830777783,0.819144908375538,0.747051319052347
446,0.7931354666500247,0.7198241615973977,0.8118160289220527,0.7355185652281587
447,0.8010526735530451,0.7298933257731601,0.820711142575787,0.7449950497287241
448,0.7891942597435925,0.7137207280630222,0.8077420322300141,0.7278117421937017
449,0.8063775563802086,0.7456291261838867,0.82499618364871,0.7606959406246854
450,0.7975684164227451,0.725899609472731,0.8173281702701547,0.7429603459338153
451,0.7918011207592929,0.724724326999247,0.8124702593342237,0.7411017899956708
452,0.7939189408315507,0.7192311862395758,0.8104507429310122,0.7325811624901338
453,0.7966282656309653,0.7267128294946169,0.8164673740782673,0.743176068019707
454,0.792660316350677,0.7279785827397142,0.8121407123170951,0.7441532196932756
455,0.7932163767444885,0.7284886161917038,0.8122107697682673,0.7424398493089239
456,0.7965237734851193,0.734135862267936,0.8173361876399804,0.7512455173772494
457,0.7990351249550569,0.7296521958983706,0.8206894534176339,0.74643952344433
458,0.8001265954396466,0.7353667510420446,0.8228626463303798,0.7525551460921259
459,0.7964256839446021,0.7235568591432323,0.8166577522252391,0.7391494710985399
460,0.7913938134217918,0.714821404149727,0.8107599521037234,0.7298257468669295
461,0.7976133212147456,0.7239143937982507,0.8170756253197391,0.7386114553723537
462,0.80407873034561,0.7379975145010947,0.8235356222928417,0.7543784985587083
463,0.7954877563126236,0.725909603201438,0.8146428763296933,0.7407469448484698
464,0.8018374810054846,0.7360826054523079,0.8218230647218839,0.7507270409616863
465,0.7928427773893109,0.7204742392453186,0.8121414248114861,0.7355377002764238
466,0.7964057161784628,0.7318396583128036,0.8167060815499517,0.7471641078745243
467,0.8021167675722934,0.7343289494258337,0.8209477888534195,0.7489662348625021
468,0.8002974806617016,0.7309002920132739,0.8231649018063556,0.7483142593077529
469,0.8002593482758155,0.7311524720302465,0.816531755276042,0.7440807228782156
470,0.8007927504266172,0.734689787020457,0.8218932202793924,0.7517904281547124
471,0.7957954463650599,0.7238356441618402,0.8157302080777633,0.7404021555959968
472,0.7975003439341766,0.7282560647536436,0.8176290371316818,0.7437135936896565
473,0.7977295768900605,0.7278003002387119,0.8161569904528752,0.7429559937945764
474,0.7861557774787907,0.7180156515211417,0.8042365708101485,0.7326847379762532
475,0.7982157808961715,0.7332341877828112,0.8183092468510873,0.7494910709820968
476,0.8008565715524408,0.7400626162945703,0.8195650498423848,0.75549405879568
477,0.8024100099245164,0.7336346721632176,0.8218182250336636,0.7483874795886146
478,0.7979564434121745,0.7312266555791197,0.8187971903297533,0.7483834488816744
479,0.8042104722831666,0.7372591354829778,0.8224882095307108,0.7504607301415693
480,0.7959954943076345,0.7279687857531033,0.816030422578781,0.7443496116961259
481,0.797135569559405,0.7269974000980117,0.8185520092010258,0.7441268411013062
482,0.8014311315344397,0.734068624075339,0.8199418716425247,0.7486021894234438
483,0.8039002662867917,0.7372057514756108,0.8236548585766865,0.7536312887554578
484,0.7993958023889274,0.7320356652348228,0.8176650955406349,0.7465901668475997
485,0.8045085895579631,0.7423660202498329,0.8243568434220804,0.7584047572974644
486,0.8029792664810275,0.7395990296031779,0.8221794658691369,0.7556730866759398
487,0.8015065985918328,0.7348220538990548,0.8213738782251303,0.750676189558651
488,0.7924281760700005,0.7189493320092349,0.8118634182622692,0.7339041551967725
489,0.7895724271678118,0.7078930713233212,0.8075717012794247,0.7209039886743629
490,0.7999593944902942,0.7314138029273567,0.8198966731050722,0.7471221421363298
491,0.7961392388795305,0.7277402262379632,0.8149636730250552,0.7423593606626843
492,0.8117350140106407,0.7474595718776529,0.8300574778284865,0.761801094765554
493,0.8020498015616729,0.7333714915931061,0.8212611610715834,0.7474638236333603
494,0.8036335516861954,0.7367905997519806,0.8240056663841656,0.7530609063899903
495,0.7994099215729111,0.732783942732855,0.8203613258299925,0.7488966406424147
496,0.7944483502009371,0.7240616158821309,0.8124255233161435,0.7388568098588613
497,0.8020105864897437,0.7326210165344068,0.821408191864274,0.7477281690000749
498,0.7996079529387948,0.7302146291200038,0.8169636529247718,0.7441889862893144
499,0.7951710725177182,0.7256642311159747,0.8131411412471324,0.7394348401678225
500,0.7940922208633324,0.7201129660518565,0.8119922341530593,0.735493893053761
501,0.7925893964751247,0.7275604956731472,0.8112190682815754,0.7436057702570175
502,0.805009052092407,0.7326574170690204,0.8257233548740052,0.7491182453817266
503,0.7941227445939809,0.7203933607674332,0.8141285811559076,0.7360942249000673
504,0.8070049070231279,0.7426523059537308,0.8272595804207724,0.7587675177799306
505,0.7993581272211717,0.7290857030898575,0.818047866428545,0.7431547096424864
506,0.8000800895385985,0.7318243825850923,0.819845256287269,0.747895648084207
507,0.792698549033887,0.7244324001433625,0.8123133346881065,0.7398210434076838
508,0.8039939415198655,0.7414626329970379,0.8252699783041728,0.7581020266093559
509,0.7979369373476218,0.7305727481713001,0.817705841849873,0.7462206274669964
510,0.7977178042827676,0.7256001529166233,0.8172734318847555,0.7408344977986029
511,0.7947151200773598,0.721833433264561,0.8152211691825441,0.7391475737870479
512,0.8003852961869429,0.7304978096216663,0.8197760753087381,0.745452078714641
513,0.792168429707461,0.7233692727281812,0.8119703386317395,0.7404973476511726
514,0.7999798662220535,0.7316134155385328,0.8198846974437145,0.7472422292305113
515,0.8038171523159544,0.735577782010679,0.824196150856822,0.7516082368098291
516,0.7996689922963166,0.7328042104901771,0.8191620557769538,0.7489547695757484
517,0.8072502319480446,0.7426077585154658,0.8259722584536099,0.7575301999797013
518,0.7995241435402388,0.7321880371947468,0.8192309426140317,0.7480694669993811
519,0.8003203978266988,0.7362040325845537,0.8209523226681634,0.7518673307188046
520,0.8035477739641763,0.7410543332239229,0.8224714974319177,0.7570338476667304
521,0.7983029432425633,0.7300772888747867,0.8180841560638004,0.7466075618035516
522,0.7935239255741301,0.7167743190243812,0.8127438068456471,0.7325789755683038
523,0.7960349309234401,0.7245693027778227,0.8150362723536962,0.7392208660286679
524,0.8035955824793399,0.7374567687841577,0.8241849233676665,0.7548310574549201
525,0.7975982777682132,0.7260315019947632,0.8166720351432811,0.7406013710591168
526,0.798333213300188,0.7245167206838278,0.8179944598017906,0.7404781970608548
527,0.7999535081372104,0.7310517799975799,0.8196861843436235,0.7474922989681695
528,0.7966327594043644,0.7227319238260617,0.8190915066303854,0.7403597707173919
529,0.7975801649207499,0.7277589536176866,0.818196898411002,0.7443171299049975
530,0.8025387928619004,0.7338581298481534,0.8199902547605776,0.7477840514681189
531,0.7956510631385374,0.7209007477624987,0.8124625667058062,0.7335264886468855
532,0.7966273071783304,0.7253053432765755,0.8181620677146562,0.7426369185876188
533,0.8062689093985335,0.7434425590124676,0.8264689484943298,0.7605774584440056
534,0.7922997331890022,0.7233182246026234,0.812516058258988,0.7396240980179585
535,0.7912291931758902,0.7138173831654621,0.8114119591247789,0.7284071475620227
536,0.800199295887161,0.7347151788880035,0.8195458429509571,0.7503322646283038
537,0.8017234705906827,0.7339794414773699,0.8217700124529066,0.7494402414997597
538,0.7989788748826498,0.7317948980439807,0.8196353123306658,0.746901895066646
539,0.8001891525439011,0.7353751565125581,0.8180846722402336,0.7497210322535707
540,0.7968441742507563,0.7273044912407315,0.8180205487229584,0.7446264842984031
541,0.7999167811736569,0.7322100585987188,0.8197291953426388,0.7480383291725317
542,0.7998236791369241,0.7296713902578786,0.8206434766505177,0.7458723413749495
543,0.8010662604553828,0.7353452774798487,0.8222068428721677,0.7528217353191431
544,0.8016089668390171,0.7353882395736661,0.820812774137433,0.7501250603938081
545,0.7955628320479272,0.7241857567347928,0.8146079079144002,0.7395182329658676
546,0.8005773807791295,0.73387652406015,0.8187568248444613,0.7477272537651284
547,0.7943818262509552,0.7257309412510444,0.8137740827840251,0.7404884870621823
548,0.803774328174447,0.7401079965147375,0.8250311372457816,0.7577117237353711
549,0.8012018798995993,0.7323864986669328,0.8197423065842481,0.746824065095784
550,0.8009766660343112,0.7313766416031405,0.8200047051312271,0.7456518485666966
551,0.7946503151497105,0.7290888309662709,0.8166409739700079,0.7477506849499228
552,0.8000755450241307,0.7332442279976445,0.818037788274089,0.7472261880445252
553,0.7967282114941723,0.7298688279832285,0.8167344861591254,0.7459604083878282
554,0.8010416750504046,0.7298253669031176,0.8207473303552305,0.7461732904701631
555,0.7954061683188806,0.7298273660947908,0.8168466534743345,0.7471799028014144
556,0.8001063143153283,0.729837942031731,0.8186717059870084,0.7441790775304302
557,0.7939643573415348,0.7206003773592516,0.8133322315677329,0.7361839220431865
558,0.8048546536478282,0.7407523597988682,0.8242891776343185,0.7562106011767991
559,0.8015939768922347,0.7391449361181531,0.8202078123622499,0.7542938432359664
560,0.8017835696798693,0.7363078583934536,0.8213565676408335,0.7510035599291149
561,0.802110029705721,0.7418875032618119,0.8254510918364316,0.7608011793252195
562,0.7943288296613433,0.7217977289720117,0.8161617165331334,0.7393856167851109
563,0.8031711659484535,0.7420737547751249,0.8240503379714507,0.7578408529678786
564,0.7920019512708104,0.7146155465768135,0.8110867210484227,0.7301696675259365
565,0.8022747567336967,0.7334957041293496,0.8215226027367387,0.7492719873163805
566,0.797819951729585,0.7281331862534371,0.8184196937576877,0.7427363121286857
567,0.7935681143231408,0.7248290463649663,0.8145521447967287,0.7419865486573287
568,0.806206794388709,0.7389872600822894,0.825464968066087,0.7544892777087889
569,0.7988250018466453,0.7320687734491836,0.8170727879321854,0.7461440699105869
570,0.7973842594045073,0.7276730100554333,0.817412145340742,0.7426832591643905
571,0.8007582670510192,0.7339996766628573,0.8220613772875612,0.7511197470513824
572,0.7997925466116863,0.7287202553157731,0.8193214732203312,0.7449233099411888
573,0.7977585673979513,0.7285488464077492,0.8169840089217777,0.7443051839937767
574,0.7909185038477095,0.722589152797116,0.8133412546213462,0.7399623042431367
575,0.803675649842219,0.7351467202935105,0.8211722961988484,0.7488981107353908
576,0.8017822133882193,0.7400932382248254,0.8248983762688313,0.7599032630742758
577,0.7982788075058816,0.7260024360778683,0.8191869331487598,0.7416011162348695
578,0.8096137738386062,0.7453026371886757,0.8292199161112067,0.7605753578155761
579,0.8115243181660646,0.7504998439096926,0.8289724811141651,0.763851811181831
580,0.7998180300271094,0.7336600463858601,0.819184150438017,0.7484672059351629
581,0.7957857482115683,0.7268461335732878,0.8135996711933133,0.7414093166082437
582,0.7987269796939261,0.7312746786495485,0.8199105185903887,0.7486051636647453
583,0.8016149082149792,0.7385912103984246,0.8194299648647606,0.7526564059663498
584,0.804353674214736,0.7408931081971735,0.8234740461270144,0.7563970672871808
585,0.8042399919106349,0.7400522415048804,0.8235276210461743,0.7552165716173127
586,0.7955007890093365,0.726478618209776,0.8150239802699261,0.7434312802975938
587,0.798619324447606,0.7268942302145829,0.817535145220322,0.7416028209141108
588,0.7991544844160007,0.731932259390606,0.819041039250703,0.7472138338899739
589,0.7926876384240016,0.7204815754733445,0.8139985854081448,0.7369027810295912
590,0.7883556191078539,0.7162793188669822,0.8091229804883389,0.732731339654877
591,0.7958057043300318,0.7265849895888313,0.8169377306040738,0.7436728232645843
592,0.7976187949314144,0.7350040375418146,0.8169481877415646,0.7500550080182073
593,0.8017254389535778,0.7321815769823162,0.8215405836667831,0.7484998879218989
594,0.8002775829788654,0.7321165938358847,0.8181453392147465,0.7460666734313164
595,0.7963187757378677,0.7218475628270535,0.8163420268332127,0.7373776823794547
596,0.8015127724142427,0.7410682655618612,0.8215391306194997,0.7573614897056823
597,0.796983559698427,0.723324984823018,0.8154359013853364,0.7377808252191487
598,0.8071914567958481,0.7401656062737438,0.8244298182838202,0.7541438285663722
599,0.7983687011239965,0.731741865774189,0.8199693952741903,0.7493856222248336
600,0.7989807647417249,0.7304381007335576,0.8189438659580666,0.7458420143100091
601,0.8017099210855387,0.734690669627887,0.821812023773453,0.7497977721299776
602,0.8019782367310864,0.7305911468607252,0.819785054567712,0.7444932035242798
603,0.7900785780729045,0.7160925445395578,0.8111159661800317,0.7319192016292752
604,0.7996893195392797,0.7293928735541504,0.819503039796104,0.7454573777773743
605,0.7882511486903993,0.7138436723325785,0.8081112306320491,0.7293141341977247
606,0.8015345849451864,0.7317440358237258,0.8228664483320717,0.7478928176185958
607,0.7913487257050922,0.7174241041292778,0.8119077734330874,0.7334894860609615
608,0.7943365741889327,0.7274560755412122,0.8137503552092524,0.7423573751348228
609,0.7966435888357886,0.7291692592635823,0.8155962251587168,0.7442544845954852
610,0.7959461131361477,0.7265026829835891,0.8149324099283691,0.7418742726049249
611,0.7907603799881938,0.717442378661553,0.8122765592897733,0.7334998309554267
612,0.7947072811625112,0.7261944732381345,0.8155558339545791,0.7428773129524703
613,0.8048823341914128,0.7408178666026832,0.8246349504457688,0.7569575728354754
614,0.8023726522886925,0.7357978553254539,0.821311011335287,0.7495873903633159
615,0.8044938875922171,0.7417033244540584,0.823305914269313,0.7558647204491715
616,0.7959901885721962,0.7350891909451583,0.8152451078950794,0.7500330454165938
617,0.801682768433389,0.7346706443024973,0.8206960757718903,0.7500585916780388
618,0.8063010769970488,0.7423528319783983,0.8248025180070345,0.757061455579348
619,0.7985761342785535,0.7236705338476273,0.8179316199810066,0.7389491501051579
620,0.7957326661665206,0.7246614469664464,0.8162513904579723,0.7418872601118515
621,0.7869961631996746,0.7133397577775817,0.8054573862029625,0.72804067909131
622,0.7994975300022332,0.7328486431629829,0.8199706408052799,0.7497747259730716
623,0.7978299709447554,0.730402363623156,0.8177319481863435,0.7456399423233315
624,0.8081619825100725,0.7437158147096533,0.8275187808782979,0.7593940707968599
625,0.8005116484851656,0.7297263494764666,0.8204817502991778,0.7471354657049525
626,0.7925334985460397,0.7213182563316406,0.8122396763874343,0.7361363172836971
627,0.7964091916382227,0.729118873779057,0.8174194100157974,0.7465578328075683
628,0.7873734689526032,0.7107610309909332,0.8053187693719094,0.7241965471196519
629,0.8029753688357912,0.7388762032545062,0.8235381963697178,0.7560139617989888
630,0.7999672465973782,0.7346290353115914,0.819960280582699,0.7496718069042035
631,0.7924578627898321,0.7141067518025191,0.8119564642771057,0.7302831075420493
632,0.7969768461548515,0.7273238573147248,0.8162272325227278,0.7426934308594668
633,0.7940038957177786,0.7270881016067872,0.8139659913085256,0.7436708198545272
634,0.8019054247117,0.734929008937546,0.822381509108164,0.7509489492200739
635,0.8025203020187494,0.7306813593025088,0.8215531994578701,0.7454942401599401
636,0.795753848490707,0.7186577254576769,0.8163976347202043,0.7343150870831878
637,0.7978997745159969,0.7315021589855504,0.8189550252260788,0.7490320242137782
638,0.8013778347675641,0.7379332454458217,0.8219274392034697,0.7542835409348553
639,0.7868202480656562,0.7091984414596577,0.8067235966732071,0.7248025708724893
640,0.7967224658004947,0.7305896363409798,0.8157364126609693,0.7462747425550497
641,0.7951768081580944,0.7284463478969427,0.8157054601127435,0.7444839588635874
642,0.789433264946894,0.7176372726879001,0.807255974964035,0.7323576641566403
643,0.7955947212373058,0.7158555345270213,0.8159585445449932,0.7332763831629479
644,0.7987512707310627,0.7326471317447811,0.8183754059764263,0.7476899777260071
645,0.8045974148765608,0.736341407086826,0.8235944546416306,0.7515046015139356
646,0.8016036756434374,0.7322085327301388,0.8219729621866749,0.7470685008973271
647,0.7958857196469934,0.7224060347606079,0.8150056346195051,0.7380749170719608
648,0.8015324360090107,0.7378555903240351,0.820704636923843,0.7532338246695865
649,0.7966285796369931,0.7298892874335284,0.8132030255611432,0.742522092101278
650,0.7953330725078512,0.7255819132269139,0.8151074560077279,0.7418006602125748
651,0.8007908608293857,0.7332438181399974,0.819236912564446,0.7470435774720429
652,0.805871341663675,0.7412704427019826,0.8230043601669982,0.7553575558012088
653,0.7971756692299453,0.7258245010273076,0.8174591238035234,0.7417441418815539
654,0.7867816155495041,0.7139370633824866,0.8067760261104605,0.7301292213068723
655,0.8005324443682289,0.733506995203693,0.8170227685988293,0.7477603553935873
656,0.8010603096537903,0.7312547211770234,0.8204821694093646,0.747575092363653
657,0.8012089679518982,0.733990052491874,0.8197459296756894,0.7496554323107856
658,0.8077516540652718,0.744739544312084,0.8261507142242035,0.7584356670311301
659,0.7966734629282194,0.7267191189794944,0.8145176703853702,0.7403052723020667
660,0.7972219337419317,0.7216123913814781,0.8155594190131567,0.7370024117625186
661,0.7952152259434163,0.7277026479955883,0.8136120361538658,0.7422397104440988
662,0.795629372341768,0.7248471196933207,0.8139127270066538,0.7379909087420862
663,0.7999242309314605,0.7266477995861896,0.8197162172853615,0.7422221902656841
664,0.7978938108479084,0.7279349257888347,0.8186406583296847,0.7440341176643587
665,0.7943135402706053,0.7283531623076892,0.8153656453669781,0.745006128804542
666,0.7971342701342666,0.723485635676056,0.8149367591037979,0.7373946342054324
667,0.7958986132604537,0.7306155524173634,0.8169391877446609,0.7485976801156417
668,0.803435912001528,0.7372776370721458,0.8209364804515057,0.7510547094638939
669,0.7919453696683294,0.7288266315445175,0.8125937282739004,0.7450755220749986
670,0.7931201403313746,0.720138549799628,0.812779990336665,0.7339730012316775
671,0.8007254405606522,0.730469599685882,0.8187193508746612,0.7445584084782437
672,0.7981576968490173,0.7255919968189228,0.8161763203824117,0.738806366829805
673,0.7956167926613945,0.7218335738030133,0.8151676777945012,0.7367470657974955
674,0.7944644252292067,0.7207860190114862,0.8156322492808287,0.738510125898431
675,0.7920095650924015,0.7233642810448109,0.8112724215412729,0.7375932604530793
676,0.7993502365174602,0.732404754556517,0.8193165066241767,0.7477153833690121
677,0.7988161995722328,0.7337202080267204,0.8191088038321345,0.7500474315142556
678,0.7948104275428703,0.7207537061974196,0.8156260422614895,0.7375412498789565
679,0.8040314972612297,0.7338427879785745,0.8225454835160512,0.7480077861822932
680,0.7936220657420813,0.7181799181288736,0.8117253160273942,0.732015818376856
681,0.7973469142963371,0.7322520926330036,0.8176397951727702,0.7497704232641953
682,0.7978395600634113,0.7274807661480006,0.8170853623860421,0.7428903954190925
683,0.7940104831741105,0.7223840305375326,0.8159544064795958,0.7397516363189678
684,0.797631895525878,0.7290927861532487,0.8187234772970055,0.74632046431523
685,0.7991893959318301,0.7309382190916099,0.8192796850008653,0.7458211970710557
686,0.799189401881209,0.7328978158596122,0.8211869346988762,0.7505425915967554
687,0.7989125161505294,0.7318889952364479,0.8170294800369978,0.745849158163544
688,0.8008083364310298,0.7347404564779885,0.8209925554383383,0.751318100411942
689,0.8098887355760783,0.7474842336680837,0.8292932861494701,0.7630376813519663
690,0.802317682550815,0.7412198252158214,0.8197755142641098,0.7560985367047451
691,0.8073572443766365,0.7486738385318292,0.8280991364527379,0.7653885361866478
692,0.7969556790872149,0.734219018425201,0.8170589042959665,0.7517420693956884
693,0.8001935005496336,0.7260746794104305,0.8205378412314127,0.7425601328036815
694,0.7997414016589733,0.732047007514158,0.8175736902298917,0.7465399938092065
695,0.798292644435481,0.7267443029516868,0.8165477808211258,0.7403746032469029
696,0.7931131077325203,0.7186428885330992,0.8122191842616117,0.7332764552831867
697,0.8014293889682144,0.7324023578219003,0.8215282763361783,0.7483184453629642
698,0.7945578156117685,0.7240082610552969,0.8137858967967598,0.7389282380895889
699,0.7964371984763353,0.7272085477144085,0.8130043905716954,0.7397538555469556
700,0.7945820372215254,0.7264590790369474,0.813041091030947,0.741632066478238
701,0.8002733642566824,0.7315882024752016,0.8188387664742701,0.7458084921943782
702,0.798734542596868,0.7307541357242686,0.818426101951731,0.746780767154751
703,0.8003441089808652,0.7305357287823868,0.8188298107544529,0.74594660407734
704,0.7936147694442129,0.7176998935576117,0.8139013972745067,0.7343116371298003
705,0.8059676866761821,0.739014983521218,0.8229073388099378,0.7530483516192409
706,0.8022552331718334,0.7340288359409671,0.821295027678301,0.7490735920253567
707,0.7963157820879267,0.7285578872481541,0.8144654731742375,0.7434875176454565
708,0.7908651428643966,0.7187587661474079,0.8106661580445554,0.7336233906977117
709,0.7948398952431198,0.7223586682415646,0.8149587028665488,0.7383521718344123
710,0.8043585412516508,0.7317059516385869,0.8240004132862726,0.7474970039009375
711,0.8038851938623739,0.7410665517918493,0.8240113307270237,0.75694499781282
712,0.794703681615237,0.7268173556739796,0.8142799662944507,0.7419865907209096
713,0.7921811598858608,0.7187068910449588,0.8108488874209568,0.7323914715642323
714,0.7987366666719337,0.7298925045453881,0.8181732768368967,0.7438951889700534
715,0.7876500786118074,0.7069203072635705,0.8077877690086385,0.721586756454468
716,0.78570200071735,0.7045417052758361,0.8036739055542607,0.7179211103173484
717,0.8041740660961562,0.7401224812328099,0.8242596456817721,0.7555801524686323
718,0.8026186438293004,0.7392261581781632,0.8260738961449561,0.7583156682541531
719,0.7970438999187671,0.728850375428609,0.818393524503417,0.7466130208330635
720,0.8006718436999577,0.7341332769470221,0.8218971839434216,0.750544956941318
721,0.7914554859829911,0.721041445834389,0.8083529717809991,0.735736403646556
722,0.8002394264152507,0.7315334815371495,0.8185684136968199,0.7462421949030883
723,0.8005141000095254,0.738684258097099,0.8197691369662808,0.7549891099279735
724,0.8012122742942921,0.7320984730459552,0.8219020875883122,0.7485796404137686
725,0.8037083395833307,0.7454195000072467,0.82441378703456,0.7629084088766793
726,0.7886876965266688,0.7138988458229124,0.8073676972953586,0.7281130358200861
727,0.798588390377151,0.7260620078407467,0.8156441382512615,0.7394371149172735
728,0.7978166128838226,0.726409564420864,0.8186401611744074,0.7443455935372564
729,0.8004577543439866,0.7343582539866658,0.8207986093857773,0.7493589885871097
730,0.7891584128876751,0.7118837946282824,0.8097879906895019,0.7281299781333759
731,0.798766811417916,0.7280135346882685,0.819711575863607,0.7449026357267272
732,0.7993583013118641,0.728191556043947,0.8195841722489489,0.7450163508155109
733,0.8075236999076951,0.7459741418974126,0.8275086917617406,0.7624002506507694
734,0.801235367684305,0.734584779070047,0.8213727807910881,0.7506755227842549
735,0.795495039564031,0.7242815178511843,0.8145111426447933,0.7389121812926531
736,0.7981180933232839,0.7308641764678675,0.8179288487919981,0.7459311111150502
737,0.7945529841244773,0.7277589032161457,0.8138372423864443,0.7430730108217224
738,0.7983777647689395,0.7289341585710796,0.8188705877790762,0.7440792855142486
739,0.7963519426763147,0.7255679947883301,0.8167693609567191,0.7415323938053441
740,0.798485562918729,0.7294063847965462,0.8200014015203724,0.7471694573797477
741,0.8029028802031132,0.7369291185460063,0.8224879595092549,0.7523420817165041
742,0.7973887765073185,0.7261464514071468,0.8176474030554471,0.7429189860318871
743,0.8042307397873438,0.7404515093424064,0.8249278003551647,0.7580387380334567
744,0.7948225947226467,0.7255846530645378,0.8123611976313742,0.7394859657164142
745,0.7966983843022128,0.7264979394016703,0.8173412250480182,0.742508263477206
746,0.7948826019231584,0.717970196855245,0.8119339576942005,0.7309104184228674
747,0.8008499609779189,0.7364409527152768,0.819456341888063,0.7508510171254373
748,0.7968774059487584,0.7286485679753477,0.8167968281109897,0.7443421571898549
749,0.7978662615098244,0.7320342696722583,0.8188308557540603,0.7493796354879654
750,0.8029908682960168,0.7403128328519152,0.8236796731997927,0.7564329809093331
751,0.807249019407766,0.7435018436403231,0.8272359772519376,0.7601836663328673
752,0.7952683993404813,0.7218988220921881,0.8129533266334722,0.7350574743072839
753,0.801767151494043,0.7355414041839704,0.8217524750902886,0.7521036374770591
754,0.796413966168056,0.7249569167961373,0.815790126605988,0.7398306199538122
755,0.7966397474450148,0.7258561605703885,0.8171811735229744,0.7430127609921288
756,0.7982873590701788,0.729671154966325,0.8173671848022462,0.7450423933627591
757,0.7954205633809269,0.7263251162435617,0.8145876926984682,0.7405738032444675
758,0.7921176508563126,0.714521279319786,0.8091145637603145,0.7276310383513643
759,0.8025677857225331,0.737079475235167,0.8222853667654678,0.751964257946248
760,0.7918873566752399,0.7125990953296333,0.8123621571431675,0.7287903573215933
761,0.8006850709289012,0.7289278593129449,0.8206721447699475,0.7446269229063439
762,0.7941358015264083,0.7184771430592661,0.8129621990233442,0.7328894544291397
763,0.7956251409189493,0.7276546775972387,0.8167466449131048,0.7443134259455267
764,0.804249306052439,0.7394742152423538,0.8238153072524231,0.7550733810776562
765,0.7986181045055453,0.7257070410204337,0.8181272601792907,0.7417672041813206
766,0.8063025238315372,0.7434992844465311,0.823962429982907,0.757604047769307
767,0.7935904948562374,0.7217255053750963,0.8131237057030898,0.7369536373783292
768,0.7988167745978831,0.7283019740250165,0.8190785830622686,0.7444207667938545
769,0.8038565545681743,0.7352442408302167,0.821634141403301,0.7488245802944284
770,0.7964966087864204,0.7258253329688458,0.815253750075969,0.7407366281098632
771,0.7995022786397851,0.7243504688284127,0.8206190466027371,0.7406119957834804
772,0.8058453585216885,0.7378492474270097,0.8271605616178116,0.7557199311138202
773,0.7974429383832762,0.7292613217376637,0.8186186100660882,0.7458996321398212
774,0.8002797485736571,0.7376346779274687,0.8218109128042492,0.7547567171563206
775,0.8002522737507354,0.7347427378018707,0.819791283577632,0.7511574343827833
776,0.8048195648692023,0.7324670434034144,0.8262502969400027,0.7494550726454375
777,0.8007195318269412,0.7390518024804615,0.8167176279809624,0.7511868125101752
778,0.7964704619017215,0.7246627373092372,0.8158047627303396,0.740178366673854
779,0.7940032673862825,0.7257935418416207,0.8154426533465581,0.7418295794845047
780,0.7863141990599596,0.7111311571193366,0.8048929445123822,0.7253650402512719
781,0.7981469032031949,0.7266162272005268,0.818160415047509,0.742530089914027
782,0.7935176451238797,0.7238163237052143,0.8139860490398895,0.7402876108100919
783,0.7937949719770675,0.7326408315536561,0.8139217342977263,0.7487135546930982
784,0.8018707434406146,0.7397077275106044,0.8219490927879597,0.7561793564546947
785,0.8009367233995347,0.734921259292796,0.8193501407424408,0.7498494529642498
786,0.8053664311942986,0.7406068896554696,0.824009042346315,0.7563712219574628
787,0.8010427832416219,0.7349205152249128,0.8224200930904559,0.7525747119644716
788,0.7995365255994508,0.7288033890689186,0.818526143012755,0.744555027366237
789,0.801400292489629,0.7324708749707906,0.821633103145175,0.7481735026430808
790,0.7944318090112215,0.7283088608326564,0.8133946233427124,0.7437048057393293
791,0.8036664780281472,0.7415063254763998,0.8222076639348609,0.7565109351903894
792,0.8012322163142849,0.7300679579780317,0.8212797406705991,0.7470206054638425
793,0.7964686275640013,0.7274230784299176,0.8149031609988735,0.7427275619543109
794,0.8009241150618621,0.7403056241666269,0.8190847798304217,0.7556876490752363
795,0.796368141003971,0.7310836906495527,0.816685262097625,0.7478685782713124
796,0.7955974808013888,0.7235689354245712,0.8153339313976881,0.7392534517465522
797,0.8047710930892621,0.7338937987065147,0.8228535377007793,0.7482693842725316
798,0.8004582371332832,0.7323524487239352,0.8200528404354298,0.7486836831282623
799,0.8024101201265181,0.7351622178647883,0.8230394458715171,0.7514800305219695
800,0.8018528918600039,0.7368289249657493,0.8203957029599689,0.7518558902884032
801,0.8003149438636306,0.7358848074185598,0.8199661083273971,0.7511355384110391
802,0.7989219016699568,0.7346606742573576,0.8195184152475171,0.7505052966812085
803,0.7935486279375771,0.7256750196005733,0.8131259967306222,0.7405705490026588
804,0.7957122638130074,0.7274129843032012,0.8178191011421235,0.7451893864169723
805,0.7977285785380993,0.7253186453762988,0.819681795818334,0.7414608161497123
806,0.8040423454272965,0.7403117875567683,0.8225298540845795,0.7551607401288459
807,0.8069089328274962,0.7383418399783899,0.8253993987552787,0.7539237463681654
808,0.7942664608800666,0.7229523116375174,0.8140785834634707,0.737397629115291
809,0.794697763215033,0.7246545309940616,0.8126291234141898,0.7383321402121421
810,0.7997580766988873,0.7316829492146799,0.8219271461748957,0.7490369092665413
811,0.7950185286172528,0.7262849823271971,0.8119581430022258,0.7406265733784915
812,0.79984156519985,0.735089010087308,0.8187965867947625,0.74939152864324
813,0.7882837572219601,0.7134514606178636,0.8085390472686919,0.7289753618426351
814,0.8117659512971803,0.7468883631470842,0.8289403821656354,0.7598185795779283
815,0.801181678513664,0.7316069126692569,0.8229054662517511,0.7493569462918417
816,0.8038719469274556,0.7394398246445345,0.8228607216177121,0.7541099072894464
817,0.8005474569408362,0.7321449751494004,0.8196433848511661,0.7469763113828464
818,0.7983772189234801,0.7282416487773955,0.8194221307246833,0.7442447061735101
819,0.802925826012927,0.7380576497376475,0.8210669510768215,0.7529859881971096
820,0.7972805772648156,0.7289646452415468,0.8162097780598335,0.7442782385841659
821,0.8000418310777974,0.733937657616173,0.8188548946383415,0.7479481187867772
822,0.7923009335338974,0.7117121546863473,0.8118682650219634,0.7278579621954613
823,0.7989223683168841,0.7243270450331606,0.8184422883891415,0.7383187734250528
824,0.7963613186404107,0.7280972467026824,0.8149646849758178,0.7424193445311731
825,0.7942610972985104,0.723617396726021,0.813612392521795,0.7380689324582121
826,0.7980700630263021,0.7307876467787032,0.8173010726145638,0.7467962568738944
827,0.7940160886431391,0.7217420298214793,0.8126198824534389,0.7345151615729768
828,0.8027348754090836,0.7355010274892201,0.8235998181580596,0.7525125879675274
829,0.7937766217327153,0.719963062593868,0.8132623800150816,0.7350151218788228
830,0.7944029236022628,0.7181862977860485,0.8137055564928989,0.7338642228105577
831,0.8036574069026656,0.7411268441602572,0.8241104657537988,0.7575208730257895
832,0.7926629925975183,0.7210197749586426,0.8103789860680006,0.7348983388897933
833,0.7973147593159208,0.7249832778767552,0.8173187851780384,0.7412509814409253
834,0.7989719841068532,0.7354237215749152,0.8201695163750952,0.751379648492594
835,0.7890970225991486,0.7174074411838925,0.8092136167616534,0.733522858171181
836,0.8030122663906966,0.7290513035248405,0.8224581666521641,0.7431994940868248
837,0.7949854482031413,0.72296111110883,0.8160726656461877,0.7400267773832135
838,0.8059866007162627,0.7396863474806943,0.8259951833846243,0.7546743546380622
839,0.793250731561724,0.7148511451655105,0.8132747970531201,0.7291336458622927
840,0.8052176818750748,0.7433644958556673,0.8267339224528581,0.7605669551220984
841,0.7906793375047906,0.7187689531582577,0.8086295656672297,0.7313721812062429
842,0.799977845054951,0.7324525391120746,0.8190406364175903,0.7479337316306583
843,0.7941528899114486,0.7302750650330225,0.8116912932746215,0.7435358211377461
844,0.8078618705156564,0.7422220524709675,0.8261403893523602,0.7554366620110463
845,0.7945222364051366,0.7204211177910631,0.8120108552201897,0.7338754823467292
846,0.7972700498327794,0.7228310496638672,0.817030801615744,0.7383556656715649
847,0.8031605178639832,0.7340848240261696,0.8213335242780557,0.7490973359641219
848,0.7916986827300736,0.7193960812457173,0.8129036584147871,0.7370558518506951
849,0.8007301985512743,0.7357157514215613,0.81960075736564,0.7517970325198733
850,0.8068378743670666,0.7428389232190031,0.8273119773169927,0.7589450023563609
851,0.793820773219645,0.7237734815209514,0.8128952462448847,0.7387019984093842
852,0.7937516311470022,0.7227987836714417,0.8135699009490058,0.737992126461545
853,0.8070518025018959,0.7484413447608544,0.8269641803498887,0.7643085921701561
854,0.8010141624675194,0.7283591363164224,0.818875826384181,0.7426571738433613
855,0.8007600063912138,0.7319092956156138,0.8210668089468528,0.7485996817112625
856,0.7981669050755139,0.7292529421352029,0.8156921829606508,0.7431859169373203
857,0.8008876742955362,0.7311483785315699,0.819909589173402,0.7469579603793818
858,0.7929683131296065,0.7195241481298643,0.8125906331854651,0.7345326570355629
859,0.7973936491424333,0.7355219008478747,0.8157335618049425,0.7497609236554671
860,0.8027408705193886,0.7412317513736666,0.8227762461072105,0.756885462778204
861,0.7949669463028087,0.7292139794591892,0.8148603732063661,0.745199926146281
862,0.7926853509545828,0.7225025346471515,0.8124604888737238,0.7390473310613934
863,0.7991884443005612,0.7316341828503939,0.8169585396437397,0.7446842534611967
864,0.7985209995315637,0.729408924690339,0.8159919481571335,0.7429259568036771
865,0.79676243009889,0.7289200299373114,0.8170598014478738,0.7447794287513826
866,0.7961822403585957,0.721459928429254,0.8148001106593065,0.7360504052116228
867,0.8059650249526505,0.7408125993063132,0.8257135041316431,0.7566181773642918
868,0.7982803184618428,0.7284985357149275,0.816811811863357,0.74305770132333
869,0.8056195938483522,0.7429029322097971,0.8248816357229822,0.7582238203233295
870,0.8015809999725625,0.736040660089529,0.8232383443383303,0.7537080643237514
871,0.8057281454579824,0.7406390880995254,0.8266539407947163,0.7561402234177959
872,0.8007153151796275,0.7355522539848325,0.8188653248371204,0.7498356751900778
873,0.8021455959703682,0.7341986977245993,0.8226445926029688,0.7521046153800566
874,0.7937235082743218,0.7243067850216698,0.8131329047113747,0.740033126584569
875,0.7964915909812587,0.7248914155126533,0.8148841959140122,0.7396476860816417
876,0.7960320151442851,0.7246735621363528,0.8163958597572929,0.7411195856243219
877,0.8016997081111453,0.733451306438875,0.8200975264648743,0.7481244017472423
878,0.8058642012831729,0.7375690740514053,0.8260018571858128,0.7542578685898104
879,0.7980186848439352,0.7308563163279392,0.821142075927483,0.7497233026754101
880,0.8043085843440974,0.7395533366095545,0.821270037204937,0.7519622197985785
881,0.802054688868798,0.7373260567134958,0.8237286445268799,0.7549485437133764
882,0.8067427770796858,0.7454037874230938,0.8249959589457311,0.7598696191927552
883,0.7837728512363288,0.7057538758835046,0.8045916131125805,0.7214896379056674
884,0.8033171115733548,0.7407441888795132,0.824626612907316,0.7576038992533606
885,0.7908960281226106,0.7262955046945282,0.8098489291859495,0.7411901932776398
886,0.8047489800865099,0.7404537878618427,0.8252113842708647,0.7566898150839947
887,0.7979673418309887,0.7253980055925987,0.8165382335945269,0.7408325456152524
888,0.8014733443107854,0.7327327046452597,0.8213266529529287,0.7486814949741517
889,0.7967338486904257,0.7264356393677204,0.8156613532482512,0.7411533177033629
890,0.7932004488493675,0.7221414944811662,0.815445759458834,0.7376282096017606
891,0.8019784515307711,0.7325315179791451,0.8221281241542634,0.7486711943067988
892,0.7977766572913207,0.7333697010153587,0.8194281459395075,0.7502864722309133
893,0.7967475900791684,0.7295886661413402,0.8172064104096104,0.7464417885764215
894,0.7952431138832189,0.7268244742551435,0.8145436160043932,0.7417923269906681
895,0.7996446735442552,0.7324543235873426,0.8233969380110322,0.7515021691155996
896,0.7932859566210805,0.7187866842394803,0.8125551016424271,0.7335657655237088
897,0.7992456943749179,0.7333990244932046,0.8193061554597398,0.7485641846162222
898,0.7968864793492282,0.7296695840233157,0.8158458244393733,0.7444444764966006
899,0.8009144832714113,0.7359612612382289,0.819485832495488,0.7511343192434463
900,0.7922779409428721,0.7175714157320846,0.8132856382293729,0.7351892862222393
901,0.800784029111147,0.7329090487012041,0.8202512132641683,0.7497252732318512
902,0.7964585885582224,0.7287310508701614,0.816819666535804,0.7453498169632291
903,0.7978380318779331,0.7312970844498777,0.8190244940783543,0.7482356923822212
904,0.7954081042243084,0.7308623255040839,0.8163508510679174,0.747717166620541
905,0.7944948318036134,0.7294786604012353,0.8119752792787832,0.7437433959040395
906,0.7924227179771125,0.7193267854842792,0.8124453234841629,0.7348916495998029
907,0.7979021039481905,0.7328132568750528,0.8169942327346235,0.7478315632957458
908,0.7945584275645995,0.7233494523104447,0.8143822592399431,0.7382482999877227
909,0.8009782103556562,0.7341366323340786,0.8216671120416974,0.751305436809733
910,0.7956485787829748,0.7296180547162849,0.8156631137360674,0.7453559664123734
911,0.7936815533579239,0.7212886764097483,0.814407387090858,0.7384418770427594
912,0.7933996777298988,0.7234896535142165,0.8150449545873615,0.7413454261625017
913,0.8040465792805574,0.7414282938278559,0.8253637109464074,0.7580034279192912
914,0.7995313569491477,0.7321492247901815,0.8205746640033521,0.7502063909219123
915,0.8026384141204884,0.7343395095743316,0.8238511364773878,0.7519482979803408
916,0.8021788172037004,0.7341139702874292,0.8196901581395236,0.7476867808776637
917,0.7949295249512806,0.7295094362982504,0.8134237287007459,0.7448211941225099
918,0.7993048245108901,0.7266013414588327,0.8182959777905965,0.7409595859527619
919,0.7909085527121155,0.7201627270020434,0.8097893240084829,0.7350817350444526
920,0.7941431900982997,0.719089269000774,0.8138054312654516,0.7358353632946231
921,0.8042243814719484,0.7360178261874912,0.822175730072385,0.7512558837347161
922,0.8023586420567205,0.7327369393035131,0.8206666692624841,0.7482225230505357
923,0.8030198676384783,0.7400698931434866,0.8237307147372693,0.7563119259088549
924,0.792637208807868,0.7244222299210078,0.810958526430928,0.7377353181805133
925,0.7960166064301083,0.7320146332926303,0.8165461659357592,0.747033938533358
926,0.7943704026231019,0.7166737141679539,0.8138211382392758,0.7320467005572382
927,0.7938449021691553,0.7252420085247803,0.8127835425612256,0.7404664175888951
928,0.7951842959876156,0.722602014031083,0.8149606779973014,0.7390594653365647
929,0.800339710859233,0.7380035822487703,0.8205549812461536,0.7555103519358675
930,0.7936919514891828,0.7198523927224373,0.8134341266447085,0.7358130932797089
931,0.8064208714581683,0.7380791773836722,0.8243172253415385,0.7512405231047402
932,0.7983324692592962,0.7296506352287236,0.8172618098441169,0.7436943520327798
933,0.8020575515180967,0.7312434020868392,0.8207568389364964,0.744912400595697
934,0.8043411686230796,0.7419651094719821,0.8246718760888424,0.7586455396924222
935,0.7968721658167093,0.7280888161494602,0.8171429833213805,0.7439713602727527
936,0.8004719085078693,0.7323801695816725,0.8202186457909542,0.7475407282199817
937,0.8041905258506675,0.7382184127164776,0.824809400047421,0.7541614385027406
938,0.8036159371514012,0.7459618265489092,0.8220793780493629,0.7596311770482281
939,0.8001197799879926,0.7292780647178277,0.8183950221924595,0.7437693959464029
940,0.7965727297685604,0.7221320273151051,0.8159110359175602,0.7362256873703118
941,0.790883397419632,0.7188096575421886,0.8079412834651957,0.7321135208729523
942,0.7957015348954366,0.7236541855302775,0.816490205549468,0.7394478014258062
943,0.7961665701526046,0.7298260230530556,0.8156555551240195,0.7453924505195445
944,0.7936828096417713,0.7231983490377814,0.8129655729265752,0.7378436307992511
945,0.8000563207761276,0.7322224513182651,0.81923548228214,0.7482360301127187
946,0.8046849469910291,0.7373711821150468,0.8239511206518809,0.7522052894709328
947,0.7983443152712968,0.7255071365857819,0.8179955142479493,0.7420313192555458
948,0.804641135490848,0.7438758301078026,0.8244285099555072,0.7598236832602318
949,0.7998040155844679,0.7345052643687996,0.8211514154713128,0.7514343302839466
950,0.8069183983530456,0.7406121862113807,0.8283982996318762,0.7578939534518571
951,0.7963987510516319,0.7267537823770247,0.8164929250444001,0.742282340862985
952,0.797065139445381,0.7281875900453042,0.8182091024278811,0.7460003556481762
953,0.7912753235361206,0.7245519342104704,0.8133122475804181,0.7420890360779427
954,0.7946388897055593,0.7238939413882558,0.8134476553292654,0.7385776051958443
955,0.7959833102468417,0.7278436268672677,0.8149945435064786,0.7429729647695995
956,0.8060575827584149,0.740290663385273,0.8261732415032021,0.756973889019111
957,0.7920172212781643,0.7190369615137028,0.8101663022765163,0.734505827430625
958,0.8015909242788203,0.730497266556995,0.8196927139009177,0.7446009053298881
959,0.8011754344499474,0.7315967066013891,0.8209739902918058,0.7470869643857286
960,0.798888541577229,0.7247149181692643,0.8186569263697857,0.7402394424200566
961,0.8023922700355857,0.7322526981420484,0.8226480875594525,0.7478644563419541
962,0.7964157979822151,0.7307109592915396,0.8148639427890748,0.7452929198090701
963,0.7970222845470589,0.7284946463712392,0.8189990764300155,0.7459892278018406
964,0.7946644126521187,0.7242870881059122,0.8144991124675993,0.7405755579164397
965,0.8027428504169095,0.7343746563757471,0.8239346223501869,0.7514887977884701
966,0.8070079333501091,0.7398704203733942,0.8248603429100622,0.7535619408254931
967,0.7964562765556719,0.7237463029408554,0.8146717437027068,0.737056089763121
968,0.7955526059410613,0.7248324074354339,0.8133813531245279,0.7383858385704638
969,0.8079932711044391,0.7484012867571892,0.8284312885815747,0.7644877576756792
970,0.8026413632255381,0.7339657906690396,0.8218429833174765,0.7494193088908596
971,0.7987337742108225,0.7337832399032337,0.818869063893966,0.749889209571297
972,0.7962463330565019,0.7238169031605067,0.8149526725606678,0.7391347668152024
973,0.7997564846951107,0.736761630414856,0.819603930239508,0.7519470457247023
974,0.7942503425123496,0.7175550362514117,0.8166032955285533,0.7351459294666721
975,0.8023184306443789,0.740308175611352,0.820602771000457,0.7540523261294525
976,0.7913288843694896,0.7258806739448523,0.8094376296134239,0.7402562873509014
977,0.7935888192287961,0.7225583400817525,0.8131731868414928,0.7384525340512317
978,0.8018185327880066,0.7309324590316527,0.8201603001724672,0.7444983017272532
979,0.7993311792004314,0.733903090379754,0.8193838467897616,0.7502347315549549
980,0.7954149727382985,0.7256386346392144,0.8155244577061098,0.7416546906104668
981,0.8011428590173617,0.7293018139836237,0.8190651301392537,0.7434744554995752
982,0.7970140794110313,0.7247401597126762,0.8177772513441296,0.740737905588223
983,0.7966872302564472,0.7218947141459953,0.8154191770788938,0.7362701877038971
984,0.803843190751086,0.7354981381708219,0.8257356448737561,0.7531227826744048
985,0.8001187034402627,0.7327891747124409,0.8189833390438844,0.7481765297198404
986,0.8020026970507947,0.7348885634470934,0.8214886797535228,0.7493578514149782
987,0.7982831317191056,0.7260779040412171,0.8168717205596838,0.7401465896188831
988,0.8020904202395315,0.7326670510557706,0.8210717646337381,0.7476500347635459
989,0.80246222883068,0.739631700671896,0.8202494934034128,0.7540816208840884
990,0.7930449079150885,0.7204059266133074,0.8126465111579475,0.736436066626772
991,0.7953947882706781,0.726769246699474,0.8147560790710185,0.7418260751147829
992,0.7981341965123899,0.7273916023784867,0.8177556097007789,0.7440425275187575
993,0.8017701232732851,0.7329568774221692,0.8204247932031065,0.7487692068394802
994,0.8095820802338446,0.7453551036567189,0.8292380441191728,0.7612707732815935
995,0.8011765274806394,0.7342961674424083,0.8219916562991635,0.7499692727378587
996,0.7991692733332837,0.7355197941087084,0.8199884067744421,0.7518116971919993
997,0.8025309732497278,0.736623885142147,0.8231318004702399,0.7535670136927325
998,0.7971034771441649,0.7362870987819324,0.8163803951910075,0.751472860505469
999,0.7949590851280229,0.72964202315617,0.8155313111858152,0.7459109870436307
