group,value,n,coverage,mean_set_size
class,0,171557,0.9171528996193685,0.9916937227860129
class,1,24647,0.9078589686371566,0.9890453199172313
class,2,7696,0.801585239085239,0.9711538461538461
hour_block,00-04,34000,0.8347941176470588,0.9891470588235294
hour_block,04-08,34000,0.8631764705882353,0.9788235294117648
hour_block,08-12,34000,0.9909705882352942,0.9993529411764706
hour_block,12-16,34000,0.9770882352941177,0.9955
hour_block,16-20,34000,0.8978823529411765,0.9858529411764706
hour_block,20-24,33900,0.9060766961651917,0.9949262536873157
