start_day,end_day,model,n,accuracy,balanced_accuracy,macro_f1,mcc,idle_f1,g2v_f1,v2g_f1
280,293,raw,33600,0.909702380952381,0.8899060602678109,0.8043818900413867,0.7347700760965459,0.9459608796552105,0.7802718286655683,0.6869129618033814
280,293,pgcare,33600,0.9192261904761905,0.8770476083205064,0.8229155381802372,0.7495349166434186,0.9519571006456791,0.7877323810524105,0.7290571328426217
294,307,raw,33600,0.9198214285714286,0.917969039469377,0.8048641655045633,0.7579698183820953,0.9526894242666861,0.8160035172565399,0.645899554990464
294,307,pgcare,33600,0.9293154761904762,0.9084527471816793,0.824610459391136,0.7749409571071844,0.9584137694625363,0.8241733690795353,0.6912442396313364
308,321,raw,33600,0.9006547619047619,0.8681568517206072,0.7860394924671144,0.70564036234543,0.9402246860462978,0.7554774700289376,0.6624163213261077
308,321,pgcare,33600,0.9106547619047619,0.857547332539175,0.8055206031550165,0.7210515319885143,0.9463524784208034,0.7644950453299599,0.7057142857142857
322,335,raw,33600,0.9148511904761905,0.8835644623006548,0.8125102205310779,0.7478575495255931,0.9486980895478351,0.802803834656221,0.6860287373891776
322,335,pgcare,33600,0.9240178571428571,0.8727278728045372,0.8305198549536966,0.7633049734835823,0.9544424959812947,0.8098443416070678,0.7272727272727273
336,349,raw,33600,0.9136607142857143,0.9009257629246709,0.8076949480715717,0.7383721455290945,0.9482073166283692,0.7846120408606825,0.6902654867256637
336,349,pgcare,33600,0.9225297619047619,0.8884952910138257,0.8261186789662611,0.7521879872958186,0.9537905484774555,0.7899867080194949,0.7345787804018329
350,363,raw,33600,0.8970238095238096,0.8865881056129942,0.7837210319358867,0.7089819371280662,0.9371621121232319,0.7570712136409228,0.6569297700435053
350,363,pgcare,33600,0.908125,0.8710954741355907,0.8046809063581568,0.7242048499799688,0.9444383401091455,0.7633431982855393,0.7062611806797854
364,364,raw,2300,0.8634782608695653,0.8808135903024249,0.7005820570683482,0.6038694594270277,0.9186906019007391,0.629695885509839,0.5533596837944664
364,364,pgcare,2300,0.8882608695652174,0.8658758769129932,0.7501154074767599,0.6348261664278096,0.9347488348006214,0.6313868613138686,0.6842105263157895
