scope,item,metric,value,source
in-domain classification,LightGBM,macro_f1,0.750102080456926,results/pgcare_lgbm_metrics.csv
in-domain classification,LightGBM + physics,macro_f1,0.8424078680429404,results/pgcare_lgbm_metrics.csv
in-domain classification,PG-CARE (LightGBM+physics+conformal),macro_f1,0.8481846663480764,results/pgcare_lgbm_metrics.csv
OOD classification,LightGBM,macro_f1,0.6839584498021023,results/ood_shift_metrics.csv
OOD classification,LightGBM,v2g_f1,0.4007276507276507,results/ood_shift_metrics.csv
OOD classification,PG-CARE (LightGBM),macro_f1,0.7969877273667002,results/ood_shift_metrics.csv
OOD classification,PG-CARE (LightGBM),v2g_f1,0.7066466766616691,results/ood_shift_metrics.csv
closed-loop,XGBoost,net_value_$,-1161.6717529296875,results/closed_loop_metrics.csv
closed-loop,PG-CARE risk-calibrated,net_value_$,697.6654663085938,results/closed_loop_metrics.csv
closed-loop,Oracle,net_value_$,5223.57958984375,results/closed_loop_metrics.csv
OOD closed-loop,XGBoost raw,net_value_$,-1761.47607421875,results/ood_closed_loop_metrics.csv
OOD closed-loop,PG-CARE risk-calibrated,net_value_$,742.857666015625,results/ood_closed_loop_metrics.csv
OOD closed-loop,Oracle,net_value_$,6569.416015625,results/ood_closed_loop_metrics.csv
