strategy,throughput_cost_$/kWh,gross_net_value_$,throughput_cost_$,net_after_throughput_$
XGBoost,0.0,-1161.6717529296875,0.0,-1161.6717529296875
PG-CARE risk-calibrated,0.0,697.6654663085938,0.0,697.6654663085938
Oracle,0.0,5223.57958984375,0.0,5223.57958984375
XGBoost,0.03,-1161.6717529296875,859.9960327148438,-2021.6677856445312
PG-CARE risk-calibrated,0.03,697.6654663085938,328.6331176757813,369.03234863281244
Oracle,0.03,5223.57958984375,870.5965232849121,4352.983066558838
XGBoost,0.06,-1161.6717529296875,1719.9920654296875,-2881.663818359375
PG-CARE risk-calibrated,0.06,697.6654663085938,657.2662353515626,40.399230957031136
Oracle,0.06,5223.57958984375,1741.1930465698242,3482.386543273926
XGBoost,0.1,-1161.6717529296875,2866.6534423828125,-4028.3251953125
PG-CARE risk-calibrated,0.1,697.6654663085938,1095.4437255859377,-397.778259277344
Oracle,0.1,5223.57958984375,2901.988410949707,2321.591178894043
