event_id,timestamp,t_sec,bus_id,voltage_pu,frequency_hz,angle_deg,event_type,source_dataset,source_voltage_channel
2017-01-10T232917,2017-01-11 07:29:17.366666653+00:00,0.0,B90,0.9998745523403433,,113.81869506835938,voltage_sag,LBNL PMU Event Library,L2-Mag [Vrms]
2017-01-10T232917,2017-01-11 07:29:17.374999986+00:00,0.008333333,B90,0.9998623032422623,,113.87196350097656,voltage_sag,LBNL PMU Event Library,L2-Mag [Vrms]
2017-01-10T232917,2017-01-11 07:29:17.383333319+00:00,0.016666666,B90,0.9998448799561989,,113.92233276367188,voltage_sag,LBNL PMU Event Library,L2-Mag [Vrms]
2017-01-10T232917,2017-01-11 07:29:17.391666652+00:00,0.024999999,B90,0.9998693781523609,,113.97337341308594,voltage_sag,LBNL PMU Event Library,L2-Mag [Vrms]
2017-01-10T232917,2017-01-11 07:29:17.399999985+00:00,0.033333332,B90,0.9998898637129445,,114.02594757080078,voltage_sag,LBNL PMU Event Library,L2-Mag [Vrms]
2017-01-10T232917,2017-01-11 07:29:17.408333318+00:00,0.041666665,B90,0.9998896525215982,,114.07707214355467,voltage_sag,LBNL PMU Event Library,L2-Mag [Vrms]
2017-01-10T232917,2017-01-11 07:29:17.416666651+00:00,0.049999998,B90,0.9999137283350678,,114.12886810302734,voltage_sag,LBNL PMU Event Library,L2-Mag [Vrms]
2017-01-10T232917,2017-01-11 07:29:17.424999984+00:00,0.058333331,B90,0.999942344762481,,114.18389129638672,voltage_sag,LBNL PMU Event Library,L2-Mag [Vrms]
2017-01-10T232917,2017-01-11 07:29:17.433333317+00:00,0.066666664,B90,0.9999576561350823,,114.2397918701172,voltage_sag,LBNL PMU Event Library,L2-Mag [Vrms]
2017-01-10T232917,2017-01-11 07:29:17.441666650+00:00,0.074999997,B90,1.0000067581230792,,114.29542541503906,voltage_sag,LBNL PMU Event Library,L2-Mag [Vrms]
2017-01-10T232917,2017-01-11 07:29:17.449999983+00:00,0.08333333,B90,1.0000596615553081,,114.35081481933594,voltage_sag,LBNL PMU Event Library,L2-Mag [Vrms]
2017-01-10T232917,2017-01-11 07:29:17.458333316+00:00,0.091666663,B90,1.0000888059610868,,114.4058837890625,voltage_sag,LBNL PMU Event Library,L2-Mag [Vrms]
2017-01-10T232917,2017-01-11 07:29:17.466666649+00:00,0.099999996,B90,1.0001278763601382,,114.46234130859376,voltage_sag,LBNL PMU Event Library,L2-Mag [Vrms]
2017-01-10T232917,2017-01-11 07:29:17.474999982+00:00,0.108333329,B90,1.0001536417043775,,114.51959228515624,voltage_sag,LBNL PMU Event Library,L2-Mag [Vrms]
2017-01-10T232917,2017-01-11 07:29:17.483333315+00:00,0.116666662,B90,1.0001462500072595,,114.57583618164062,voltage_sag,LBNL PMU Event Library,L2-Mag [Vrms]
2017-01-10T232917,2017-01-11 07:29:17.491666648+00:00,0.124999995,B90,1.0001231245548483,,114.63043212890624,voltage_sag,LBNL PMU Event Library,L2-Mag [Vrms]
2017-01-10T232917,2017-01-11 07:29:17.499999981+00:00,0.133333328,B90,1.0001241805115793,,114.6827621459961,voltage_sag,LBNL PMU Event Library,L2-Mag [Vrms]
2017-01-10T232917,2017-01-11 07:29:17.508333314+00:00,0.141666661,B90,1.000137907949084,,114.73290252685548,voltage_sag,LBNL PMU Event Library,L2-Mag [Vrms]
2017-01-10T232917,2017-01-11 07:29:17.516666647+00:00,0.149999994,B90,1.0000893339394525,,114.78057861328124,voltage_sag,LBNL PMU Event Library,L2-Mag [Vrms]
2017-01-10T232917,2017-01-11 07:29:17.524999980+00:00,0.158333327,B90,0.9999932418769208,,114.82628631591795,voltage_sag,LBNL PMU Event Library,L2-Mag [Vrms]
2017-01-10T232917,2017-01-11 07:29:17.533333313+00:00,0.16666666,B90,0.9999135171437216,,114.87234497070312,voltage_sag,LBNL PMU Event Library,L2-Mag [Vrms]
2017-01-10T232917,2017-01-11 07:29:17.541666646+00:00,0.174999993,B90,0.9998703285134188,,114.919921875,voltage_sag,LBNL PMU Event Library,L2-Mag [Vrms]
2017-01-10T232917,2017-01-11 07:29:17.549999979+00:00,0.183333326,B90,0.999840233746582,,114.96735382080078,voltage_sag,LBNL PMU Event Library,L2-Mag [Vrms]
2017-01-10T232917,2017-01-11 07:29:17.558333312+00:00,0.191666659,B90,0.9998272454787892,,115.0142822265625,voltage_sag,LBNL PMU Event Library,L2-Mag [Vrms]
2017-01-10T232917,2017-01-11 07:29:17.566666645+00:00,0.199999992,B90,0.9998407617249475,,115.06388854980467,voltage_sag,LBNL PMU Event Library,L2-Mag [Vrms]
2017-01-10T232917,2017-01-11 07:29:17.574999978+00:00,0.208333325,B90,0.9998417120860056,,115.11658477783205,voltage_sag,LBNL PMU Event Library,L2-Mag [Vrms]
2017-01-10T232917,2017-01-11 07:29:17.583333311+00:00,0.216666658,B90,0.9998224936734992,,115.16907501220705,voltage_sag,LBNL PMU Event Library,L2-Mag [Vrms]
2017-01-10T232917,2017-01-11 07:29:17.591666644+00:00,0.224999991,B90,0.9998096110013797,,115.218505859375,voltage_sag,LBNL PMU Event Library,L2-Mag [Vrms]
2017-01-10T232917,2017-01-11 07:29:17.599999977+00:00,0.233333324,B90,0.9998171082941706,,115.26751708984376,voltage_sag,LBNL PMU Event Library,L2-Mag [Vrms]
2017-01-10T232917,2017-01-11 07:29:17.608333310+00:00,0.241666657,B90,0.9998142572109965,,115.31974029541016,voltage_sag,LBNL PMU Event Library,L2-Mag [Vrms]
2017-01-10T232917,2017-01-11 07:29:17.616666643+00:00,0.24999999,B90,0.9998051759831089,,115.37144470214844,voltage_sag,LBNL PMU Event Library,L2-Mag [Vrms]
2017-01-10T232917,2017-01-11 07:29:17.624999976+00:00,0.258333323,B90,0.9998281958398473,,115.42160034179688,voltage_sag,LBNL PMU Event Library,L2-Mag [Vrms]
2017-01-10T232917,2017-01-11 07:29:17.633333309+00:00,0.266666656,B90,0.999862936816301,,115.47384643554688,voltage_sag,LBNL PMU Event Library,L2-Mag [Vrms]
2017-01-10T232917,2017-01-11 07:29:17.641666642+00:00,0.274999989,B90,0.9998680054086104,,115.52787017822266,voltage_sag,LBNL PMU Event Library,L2-Mag [Vrms]
2017-01-10T232917,2017-01-11 07:29:17.649999975+00:00,0.283333322,B90,0.9998406561292744,,115.58033752441406,voltage_sag,LBNL PMU Event Library,L2-Mag [Vrms]
2017-01-10T232917,2017-01-11 07:29:17.658333308+00:00,0.291666655,B90,0.9998449855518721,,115.63200378417967,voltage_sag,LBNL PMU Event Library,L2-Mag [Vrms]
2017-01-10T232917,2017-01-11 07:29:17.666666641+00:00,0.299999988,B90,0.999881838441788,,115.6853485107422,voltage_sag,LBNL PMU Event Library,L2-Mag [Vrms]
2017-01-10T232917,2017-01-11 07:29:17.674999974+00:00,0.308333321,B90,0.9999173185879535,,115.73960876464844,voltage_sag,LBNL PMU Event Library,L2-Mag [Vrms]
2017-01-10T232917,2017-01-11 07:29:17.683333307+00:00,0.316666654,B90,0.9999165794182417,,115.79338073730467,voltage_sag,LBNL PMU Event Library,L2-Mag [Vrms]
2017-01-10T232917,2017-01-11 07:29:17.691666640+00:00,0.324999987,B90,0.9998574458412992,,115.84244537353516,voltage_sag,LBNL PMU Event Library,L2-Mag [Vrms]
2017-01-10T232917,2017-01-11 07:29:17.699999973+00:00,0.33333332,B90,0.9998311525186944,,115.88925170898438,voltage_sag,LBNL PMU Event Library,L2-Mag [Vrms]
2017-01-10T232917,2017-01-11 07:29:17.708333306+00:00,0.341666653,B90,0.9998368546850425,,115.93951416015624,voltage_sag,LBNL PMU Event Library,L2-Mag [Vrms]
2017-01-10T232917,2017-01-11 07:29:17.716666639+00:00,0.349999986,B90,0.9998272454787892,,115.9907684326172,voltage_sag,LBNL PMU Event Library,L2-Mag [Vrms]
2017-01-10T232917,2017-01-11 07:29:17.724999972+00:00,0.358333319,B90,0.9998518492706243,,116.04222106933594,voltage_sag,LBNL PMU Event Library,L2-Mag [Vrms]
2017-01-10T232917,2017-01-11 07:29:17.733333305+00:00,0.366666652,B90,0.9999091877211239,,116.09637451171876,voltage_sag,LBNL PMU Event Library,L2-Mag [Vrms]
2017-01-10T232917,2017-01-11 07:29:17.741666638+00:00,0.374999985,B90,0.9999391768922876,,116.15153503417967,voltage_sag,LBNL PMU Event Library,L2-Mag [Vrms]
2017-01-10T232917,2017-01-11 07:29:17.749999971+00:00,0.383333318,B90,0.9999374873615179,,116.20294189453124,voltage_sag,LBNL PMU Event Library,L2-Mag [Vrms]
2017-01-10T232917,2017-01-11 07:29:17.758333304+00:00,0.391666651,B90,0.9999306236427656,,116.25225067138672,voltage_sag,LBNL PMU Event Library,L2-Mag [Vrms]
2017-01-10T232917,2017-01-11 07:29:17.766666637+00:00,0.399999984,B90,0.9999401272533455,,116.30224609375,voltage_sag,LBNL PMU Event Library,L2-Mag [Vrms]
2017-01-10T232917,2017-01-11 07:29:17.774999970+00:00,0.408333317,B90,0.999982999096629,,116.35462951660156,voltage_sag,LBNL PMU Event Library,L2-Mag [Vrms]
2017-01-10T232917,2017-01-11 07:29:17.783333303+00:00,0.41666665,B90,1.0000249205788543,,116.409912109375,voltage_sag,LBNL PMU Event Library,L2-Mag [Vrms]
2017-01-10T232917,2017-01-11 07:29:17.791666636+00:00,0.424999983,B90,1.0000704323139655,,116.46368408203124,voltage_sag,LBNL PMU Event Library,L2-Mag [Vrms]
2017-01-10T232917,2017-01-11 07:29:17.799999969+00:00,0.433333316,B90,1.0001130929659026,,116.5168914794922,voltage_sag,LBNL PMU Event Library,L2-Mag [Vrms]
2017-01-10T232917,2017-01-11 07:29:17.808333302+00:00,0.441666649,B90,1.000082153433681,,116.56961822509766,voltage_sag,LBNL PMU Event Library,L2-Mag [Vrms]
2017-01-10T232917,2017-01-11 07:29:17.816666636+00:00,0.449999983,B90,1.0000240758134695,,116.61878204345705,voltage_sag,LBNL PMU Event Library,L2-Mag [Vrms]
2017-01-10T232917,2017-01-11 07:29:17.824999969+00:00,0.458333316,B90,1.000038753612032,,116.66577911376952,voltage_sag,LBNL PMU Event Library,L2-Mag [Vrms]
2017-01-10T232917,2017-01-11 07:29:17.833333302+00:00,0.466666649,B90,1.000063146212521,,116.71294403076172,voltage_sag,LBNL PMU Event Library,L2-Mag [Vrms]
2017-01-10T232917,2017-01-11 07:29:17.841666635+00:00,0.474999982,B90,1.0000286164274133,,116.76346588134766,voltage_sag,LBNL PMU Event Library,L2-Mag [Vrms]
2017-01-10T232917,2017-01-11 07:29:17.849999968+00:00,0.483333315,B90,0.9999155234615107,,116.8127899169922,voltage_sag,LBNL PMU Event Library,L2-Mag [Vrms]
2017-01-10T232917,2017-01-11 07:29:17.858333301+00:00,0.491666648,B90,1.0001950352082374,,116.8683853149414,voltage_sag,LBNL PMU Event Library,L2-Mag [Vrms]
2017-01-10T232917,2017-01-11 07:29:17.866666634+00:00,0.499999981,B90,1.0003954557958032,,116.92179870605467,voltage_sag,LBNL PMU Event Library,L2-Mag [Vrms]
2017-01-10T232917,2017-01-11 07:29:17.874999967+00:00,0.508333314,B90,0.9983007544282866,,116.9281005859375,voltage_sag,LBNL PMU Event Library,L2-Mag [Vrms]
2017-01-10T232917,2017-01-11 07:29:17.883333300+00:00,0.516666647,B90,1.0044049235038546,,117.10057830810548,voltage_sag,LBNL PMU Event Library,L2-Mag [Vrms]
2017-01-10T232917,2017-01-11 07:29:17.891666633+00:00,0.52499998,B90,0.9110855921567758,,114.51178741455078,voltage_sag,LBNL PMU Event Library,L2-Mag [Vrms]
2017-01-10T232917,2017-01-11 07:29:17.899999966+00:00,0.533333313,B90,0.6427605454438899,,106.33387756347656,voltage_sag,LBNL PMU Event Library,L2-Mag [Vrms]
2017-01-10T232917,2017-01-11 07:29:17.908333299+00:00,0.541666646,B90,0.43304286603552133,,98.72607421875,voltage_sag,LBNL PMU Event Library,L2-Mag [Vrms]
2017-01-10T232917,2017-01-11 07:29:17.916666632+00:00,0.549999979,B90,0.3939181644092951,,96.2392578125,voltage_sag,LBNL PMU Event Library,L2-Mag [Vrms]
2017-01-10T232917,2017-01-11 07:29:17.924999965+00:00,0.558333312,B90,0.3915303558521386,,95.88421630859376,voltage_sag,LBNL PMU Event Library,L2-Mag [Vrms]
2017-01-10T232917,2017-01-11 07:29:17.933333298+00:00,0.566666645,B90,0.3834898525198032,,95.92819213867188,voltage_sag,LBNL PMU Event Library,L2-Mag [Vrms]
2017-01-10T232917,2017-01-11 07:29:17.941666631+00:00,0.574999978,B90,0.3783397139518811,,95.86520385742188,voltage_sag,LBNL PMU Event Library,L2-Mag [Vrms]
2017-01-10T232917,2017-01-11 07:29:17.949999964+00:00,0.583333311,B90,0.3861821989982138,,96.1495132446289,voltage_sag,LBNL PMU Event Library,L2-Mag [Vrms]
2017-01-10T232917,2017-01-11 07:29:17.958333297+00:00,0.591666644,B90,0.4528086601123432,,98.83659362792967,voltage_sag,LBNL PMU Event Library,L2-Mag [Vrms]
2017-01-10T232917,2017-01-11 07:29:17.966666630+00:00,0.599999977,B90,0.5635663777041072,,103.12028503417967,voltage_sag,LBNL PMU Event Library,L2-Mag [Vrms]
2017-01-10T232917,2017-01-11 07:29:17.974999963+00:00,0.60833331,B90,0.6263833429161406,,105.70685577392578,voltage_sag,LBNL PMU Event Library,L2-Mag [Vrms]
2017-01-10T232917,2017-01-11 07:29:17.983333296+00:00,0.616666643,B90,0.6363567486458674,,106.6457748413086,voltage_sag,LBNL PMU Event Library,L2-Mag [Vrms]
2017-01-10T232917,2017-01-11 07:29:17.991666629+00:00,0.624999976,B90,0.6398483751729789,,107.2717056274414,voltage_sag,LBNL PMU Event Library,L2-Mag [Vrms]
2017-01-10T232917,2017-01-11 07:29:18+00:00,0.633333347,B90,0.6427761208056739,,107.66680145263672,voltage_sag,LBNL PMU Event Library,L2-Mag [Vrms]
2017-01-10T232917,2017-01-11 07:29:18.008333333+00:00,0.64166668,B90,0.6453305857339191,,107.95555877685548,voltage_sag,LBNL PMU Event Library,L2-Mag [Vrms]
2017-01-10T232917,2017-01-11 07:29:18.016666666+00:00,0.650000013,B90,0.6474559098466381,,108.21149444580078,voltage_sag,LBNL PMU Event Library,L2-Mag [Vrms]
2017-01-10T232917,2017-01-11 07:29:18.024999999+00:00,0.658333346,B90,0.6497480751228738,,108.45768737792967,voltage_sag,LBNL PMU Event Library,L2-Mag [Vrms]
2017-01-10T232917,2017-01-11 07:29:18.033333332+00:00,0.666666679,B90,0.6520786772241222,,108.61907196044922,voltage_sag,LBNL PMU Event Library,L2-Mag [Vrms]
2017-01-10T232917,2017-01-11 07:29:18.041666665+00:00,0.675000012,B90,0.6543977165991647,,108.74656677246094,voltage_sag,LBNL PMU Event Library,L2-Mag [Vrms]
2017-01-10T232917,2017-01-11 07:29:18.049999998+00:00,0.683333345,B90,0.6555748971630138,,108.88253784179688,voltage_sag,LBNL PMU Event Library,L2-Mag [Vrms]
2017-01-10T232917,2017-01-11 07:29:18.058333331+00:00,0.691666678,B90,0.6564472758164261,,109.02611541748048,voltage_sag,LBNL PMU Event Library,L2-Mag [Vrms]
2017-01-10T232917,2017-01-11 07:29:18.066666664+00:00,0.700000011,B90,0.6579133661419089,,109.16133880615234,voltage_sag,LBNL PMU Event Library,L2-Mag [Vrms]
2017-01-10T232917,2017-01-11 07:29:18.074999997+00:00,0.708333344,B90,0.6596533716434435,,109.28836059570312,voltage_sag,LBNL PMU Event Library,L2-Mag [Vrms]
2017-01-10T232917,2017-01-11 07:29:18.083333330+00:00,0.716666677,B90,0.6610900007761282,,109.37109375,voltage_sag,LBNL PMU Event Library,L2-Mag [Vrms]
2017-01-10T232917,2017-01-11 07:29:18.091666663+00:00,0.72500001,B90,0.6621115861156472,,109.43606567382812,voltage_sag,LBNL PMU Event Library,L2-Mag [Vrms]
2017-01-10T232917,2017-01-11 07:29:18.099999996+00:00,0.733333343,B90,0.663052865945765,,109.53358459472656,voltage_sag,LBNL PMU Event Library,L2-Mag [Vrms]
2017-01-10T232917,2017-01-11 07:29:18.108333329+00:00,0.741666676,B90,0.6640520650025844,,109.63439178466795,voltage_sag,LBNL PMU Event Library,L2-Mag [Vrms]
2017-01-10T232917,2017-01-11 07:29:18.116666662+00:00,0.750000009,B90,0.6651989396082506,,109.70050048828124,voltage_sag,LBNL PMU Event Library,L2-Mag [Vrms]
2017-01-10T232917,2017-01-11 07:29:18.124999995+00:00,0.758333342,B90,0.6664469220709212,,109.7298583984375,voltage_sag,LBNL PMU Event Library,L2-Mag [Vrms]
2017-01-10T232917,2017-01-11 07:29:18.133333328+00:00,0.766666675,B90,0.6676315999275614,,109.74928283691406,voltage_sag,LBNL PMU Event Library,L2-Mag [Vrms]
2017-01-10T232917,2017-01-11 07:29:18.141666661+00:00,0.775000008,B90,0.6683087849792266,,109.78255462646484,voltage_sag,LBNL PMU Event Library,L2-Mag [Vrms]
2017-01-10T232917,2017-01-11 07:29:18.149999994+00:00,0.783333341,B90,0.6688684948445552,,109.85416412353516,voltage_sag,LBNL PMU Event Library,L2-Mag [Vrms]
2017-01-10T232917,2017-01-11 07:29:18.158333327+00:00,0.791666674,B90,0.6695398193363629,,109.95486450195312,voltage_sag,LBNL PMU Event Library,L2-Mag [Vrms]
2017-01-10T232917,2017-01-11 07:29:18.166666660+00:00,0.800000007,B90,0.6697844845109627,,110.03762817382812,voltage_sag,LBNL PMU Event Library,L2-Mag [Vrms]
2017-01-10T232917,2017-01-11 07:29:18.174999993+00:00,0.80833334,B90,0.6696778856789564,,110.08577728271484,voltage_sag,LBNL PMU Event Library,L2-Mag [Vrms]
2017-01-10T232917,2017-01-11 07:29:18.183333326+00:00,0.816666673,B90,0.669694569795308,,110.13507080078124,voltage_sag,LBNL PMU Event Library,L2-Mag [Vrms]
2017-01-10T232917,2017-01-11 07:29:18.191666659+00:00,0.825000006,B90,0.6698525409222833,,110.20138549804688,voltage_sag,LBNL PMU Event Library,L2-Mag [Vrms]
2017-01-10T232917,2017-01-11 07:29:18.199999992+00:00,0.833333339,B90,0.670487118119848,,110.25714874267578,voltage_sag,LBNL PMU Event Library,L2-Mag [Vrms]
2017-01-10T232917,2017-01-11 07:29:18.208333325+00:00,0.841666672,B90,0.6716638763010047,,110.28614044189452,voltage_sag,LBNL PMU Event Library,L2-Mag [Vrms]
2017-01-10T232917,2017-01-11 07:29:18.216666658+00:00,0.850000005,B90,0.6727472879071306,,110.3111572265625,voltage_sag,LBNL PMU Event Library,L2-Mag [Vrms]
2017-01-10T232917,2017-01-11 07:29:18.224999991+00:00,0.858333338,B90,0.6735437960694124,,110.34625244140624,voltage_sag,LBNL PMU Event Library,L2-Mag [Vrms]
2017-01-10T232917,2017-01-11 07:29:18.233333324+00:00,0.866666671,B90,0.6741974332859738,,110.3800048828125,voltage_sag,LBNL PMU Event Library,L2-Mag [Vrms]
2017-01-10T232917,2017-01-11 07:29:18.241666657+00:00,0.875000004,B90,0.6744111061305152,,110.41130065917967,voltage_sag,LBNL PMU Event Library,L2-Mag [Vrms]
2017-01-10T232917,2017-01-11 07:29:18.249999990+00:00,0.883333337,B90,0.6743513917773706,,110.44728088378906,voltage_sag,LBNL PMU Event Library,L2-Mag [Vrms]
2017-01-10T232917,2017-01-11 07:29:18.258333323+00:00,0.89166667,B90,0.6748205005551692,,110.4812469482422,voltage_sag,LBNL PMU Event Library,L2-Mag [Vrms]
2017-01-10T232917,2017-01-11 07:29:18.266666656+00:00,0.900000003,B90,0.6755818981561411,,110.50382995605467,voltage_sag,LBNL PMU Event Library,L2-Mag [Vrms]
2017-01-10T232917,2017-01-11 07:29:18.274999990+00:00,0.908333337,B90,0.6760507429447571,,110.49825286865234,voltage_sag,LBNL PMU Event Library,L2-Mag [Vrms]
2017-01-10T232917,2017-01-11 07:29:18.283333323+00:00,0.91666667,B90,0.6765013724797613,,110.45272064208984,voltage_sag,LBNL PMU Event Library,L2-Mag [Vrms]
2017-01-10T232917,2017-01-11 07:29:18.291666656+00:00,0.925000003,B90,0.6788214150136983,,110.4516143798828,voltage_sag,LBNL PMU Event Library,L2-Mag [Vrms]
2017-01-10T232917,2017-01-11 07:29:18.299999989+00:00,0.933333336,B90,0.6688164361777112,,110.34512329101562,voltage_sag,LBNL PMU Event Library,L2-Mag [Vrms]
2017-01-10T232917,2017-01-11 07:29:18.308333322+00:00,0.941666669,B90,0.6327501284307374,,109.42615509033205,voltage_sag,LBNL PMU Event Library,L2-Mag [Vrms]
2017-01-10T232917,2017-01-11 07:29:18.316666655+00:00,0.950000002,B90,0.6008166241380093,,108.00286865234376,voltage_sag,LBNL PMU Event Library,L2-Mag [Vrms]
2017-01-10T232917,2017-01-11 07:29:18.324999988+00:00,0.958333335,B90,0.5946437122792456,,107.32398986816406,voltage_sag,LBNL PMU Event Library,L2-Mag [Vrms]
2017-01-10T232917,2017-01-11 07:29:18.333333321+00:00,0.966666668,B90,0.5969723608605414,,107.3248519897461,voltage_sag,LBNL PMU Event Library,L2-Mag [Vrms]
2017-01-10T232917,2017-01-11 07:29:18.341666654+00:00,0.975000001,B90,0.5975984904042572,,107.3755874633789,voltage_sag,LBNL PMU Event Library,L2-Mag [Vrms]
2017-01-10T232917,2017-01-11 07:29:18.349999987+00:00,0.983333334,B90,0.5978111072920675,,107.40939331054688,voltage_sag,LBNL PMU Event Library,L2-Mag [Vrms]
2017-01-10T232917,2017-01-11 07:29:18.358333320+00:00,0.991666667,B90,0.5982253591176848,,107.43547821044922,voltage_sag,LBNL PMU Event Library,L2-Mag [Vrms]
2017-01-10T232917,2017-01-11 07:29:18.366666653+00:00,1.0,B90,0.5987076145567859,,107.4593276977539,voltage_sag,LBNL PMU Event Library,L2-Mag [Vrms]
2017-01-10T232917,2017-01-11 07:29:18.374999986+00:00,1.008333333,B90,0.5992421926519139,,107.49325561523438,voltage_sag,LBNL PMU Event Library,L2-Mag [Vrms]
2017-01-10T232917,2017-01-11 07:29:18.383333319+00:00,1.016666666,B90,0.5996307847289649,,107.51636505126952,voltage_sag,LBNL PMU Event Library,L2-Mag [Vrms]
2017-01-10T232917,2017-01-11 07:29:18.391666652+00:00,1.024999999,B90,0.6000946665209447,,107.57404327392578,voltage_sag,LBNL PMU Event Library,L2-Mag [Vrms]
2017-01-10T232917,2017-01-11 07:29:18.399999985+00:00,1.033333332,B90,0.6005116110362262,,107.64230346679688,voltage_sag,LBNL PMU Event Library,L2-Mag [Vrms]
2017-01-10T232917,2017-01-11 07:29:18.408333318+00:00,1.041666665,B90,0.600616467539626,,107.64663696289062,voltage_sag,LBNL PMU Event Library,L2-Mag [Vrms]
2017-01-10T232917,2017-01-11 07:29:18.416666651+00:00,1.049999998,B90,0.6009778687308509,,107.61427307128906,voltage_sag,LBNL PMU Event Library,L2-Mag [Vrms]
2017-01-10T232917,2017-01-11 07:29:18.424999984+00:00,1.058333331,B90,0.6026963327150706,,107.60438537597656,voltage_sag,LBNL PMU Event Library,L2-Mag [Vrms]
2017-01-10T232917,2017-01-11 07:29:18.433333317+00:00,1.066666664,B90,0.5999218064040608,,107.54753875732422,voltage_sag,LBNL PMU Event Library,L2-Mag [Vrms]
2017-01-10T232917,2017-01-11 07:29:18.441666650+00:00,1.074999997,B90,0.6342680134338815,,108.13973999023438,voltage_sag,LBNL PMU Event Library,L2-Mag [Vrms]
2017-01-10T232917,2017-01-11 07:29:18.449999983+00:00,1.08333333,B90,0.7699102489576387,,111.30953979492188,voltage_sag,LBNL PMU Event Library,L2-Mag [Vrms]
2017-01-10T232917,2017-01-11 07:29:18.458333316+00:00,1.091666663,B90,0.9200488696775161,,116.06605529785156,voltage_sag,LBNL PMU Event Library,L2-Mag [Vrms]
2017-01-10T232917,2017-01-11 07:29:18.466666649+00:00,1.099999996,B90,0.974770131419095,,118.88268280029295,voltage_sag,LBNL PMU Event Library,L2-Mag [Vrms]
2017-01-10T232917,2017-01-11 07:29:18.474999982+00:00,1.108333329,B90,0.9776691550287036,,119.58805847167967,voltage_sag,LBNL PMU Event Library,L2-Mag [Vrms]
2017-01-10T232917,2017-01-11 07:29:18.483333315+00:00,1.116666662,B90,0.9806575125777645,,119.79883575439452,voltage_sag,LBNL PMU Event Library,L2-Mag [Vrms]
2017-01-10T232917,2017-01-11 07:29:18.491666648+00:00,1.124999995,B90,0.9836004639873877,,119.92839050292967,voltage_sag,LBNL PMU Event Library,L2-Mag [Vrms]
2017-01-10T232917,2017-01-11 07:29:18.499999981+00:00,1.133333328,B90,0.9855650714856308,,120.00672912597656,voltage_sag,LBNL PMU Event Library,L2-Mag [Vrms]
2017-01-10T232917,2017-01-11 07:29:18.508333314+00:00,1.141666661,B90,0.9872074009895371,,120.04954528808594,voltage_sag,LBNL PMU Event Library,L2-Mag [Vrms]
2017-01-10T232917,2017-01-11 07:29:18.516666647+00:00,1.149999994,B90,0.9885379064707445,,120.07640075683594,voltage_sag,LBNL PMU Event Library,L2-Mag [Vrms]
2017-01-10T232917,2017-01-11 07:29:18.524999980+00:00,1.158333327,B90,0.9897675680841301,,120.12051391601562,voltage_sag,LBNL PMU Event Library,L2-Mag [Vrms]
2017-01-10T232917,2017-01-11 07:29:18.533333313+00:00,1.16666666,B90,0.9908107477388006,,120.18173217773438,voltage_sag,LBNL PMU Event Library,L2-Mag [Vrms]
2017-01-10T232917,2017-01-11 07:29:18.541666646+00:00,1.174999993,B90,0.9917554066304579,,120.24078369140624,voltage_sag,LBNL PMU Event Library,L2-Mag [Vrms]
2017-01-10T232917,2017-01-11 07:29:18.549999979+00:00,1.183333326,B90,0.992700804691827,,120.29135131835938,voltage_sag,LBNL PMU Event Library,L2-Mag [Vrms]
2017-01-10T232917,2017-01-11 07:29:18.558333312+00:00,1.191666659,B90,0.9935549680916275,,120.33958435058594,voltage_sag,LBNL PMU Event Library,L2-Mag [Vrms]
2017-01-10T232917,2017-01-11 07:29:18.566666645+00:00,1.199999992,B90,0.9943801982769954,,120.39075469970705,voltage_sag,LBNL PMU Event Library,L2-Mag [Vrms]
2017-01-10T232917,2017-01-11 07:29:18.574999978+00:00,1.208333325,B90,0.994987690184407,,120.4344711303711,voltage_sag,LBNL PMU Event Library,L2-Mag [Vrms]
2017-01-10T232917,2017-01-11 07:29:18.583333311+00:00,1.216666658,B90,0.9954689952624501,,120.46891021728516,voltage_sag,LBNL PMU Event Library,L2-Mag [Vrms]
2017-01-10T232917,2017-01-11 07:29:18.591666644+00:00,1.224999991,B90,0.9959217895087531,,120.50009155273438,voltage_sag,LBNL PMU Event Library,L2-Mag [Vrms]
2017-01-10T232917,2017-01-11 07:29:18.599999977+00:00,1.233333324,B90,0.9964672967560482,,120.538330078125,voltage_sag,LBNL PMU Event Library,L2-Mag [Vrms]
2017-01-10T232917,2017-01-11 07:29:18.608333310+00:00,1.241666657,B90,0.9969487074297644,,120.57776641845705,voltage_sag,LBNL PMU Event Library,L2-Mag [Vrms]
2017-01-10T232917,2017-01-11 07:29:18.616666643+00:00,1.24999999,B90,0.9973744691837507,,120.61619567871094,voltage_sag,LBNL PMU Event Library,L2-Mag [Vrms]
2017-01-10T232917,2017-01-11 07:29:18.624999976+00:00,1.258333323,B90,0.9977553527766646,,120.65963745117188,voltage_sag,LBNL PMU Event Library,L2-Mag [Vrms]
2017-01-10T232917,2017-01-11 07:29:18.633333309+00:00,1.266666656,B90,0.9981010730104323,,120.71061706542967,voltage_sag,LBNL PMU Event Library,L2-Mag [Vrms]
2017-01-10T232917,2017-01-11 07:29:18.641666642+00:00,1.274999989,B90,0.9984578807898767,,120.7645492553711,voltage_sag,LBNL PMU Event Library,L2-Mag [Vrms]
2017-01-10T232917,2017-01-11 07:29:18.649999975+00:00,1.283333322,B90,0.9988147941649943,,120.817626953125,voltage_sag,LBNL PMU Event Library,L2-Mag [Vrms]
2017-01-10T232917,2017-01-11 07:29:18.658333308+00:00,1.291666655,B90,0.9991748754103051,,120.87326049804688,voltage_sag,LBNL PMU Event Library,L2-Mag [Vrms]
2017-01-10T232917,2017-01-11 07:29:18.666666641+00:00,1.299999988,B90,0.999547100158024,,120.93701171875,voltage_sag,LBNL PMU Event Library,L2-Mag [Vrms]
2017-01-10T232917,2017-01-11 07:29:18.674999974+00:00,1.308333321,B90,0.9998587129893766,,121.00191497802734,voltage_sag,LBNL PMU Event Library,L2-Mag [Vrms]
2017-01-10T232917,2017-01-11 07:29:18.683333307+00:00,1.316666654,B90,1.0001111922437866,,121.06282806396484,voltage_sag,LBNL PMU Event Library,L2-Mag [Vrms]
2017-01-10T232917,2017-01-11 07:29:18.691666640+00:00,1.324999987,B90,1.0002261859318053,,121.1211166381836,voltage_sag,LBNL PMU Event Library,L2-Mag [Vrms]
2017-01-10T232917,2017-01-11 07:29:18.699999973+00:00,1.33333332,B90,1.0004311471333152,,121.176025390625,voltage_sag,LBNL PMU Event Library,L2-Mag [Vrms]
2017-01-10T232917,2017-01-11 07:29:18.708333306+00:00,1.341666653,B90,1.000891438672409,,121.23226165771484,voltage_sag,LBNL PMU Event Library,L2-Mag [Vrms]
2017-01-10T232917,2017-01-11 07:29:18.716666639+00:00,1.349999986,B90,1.0012097040311676,,121.29549407958984,voltage_sag,LBNL PMU Event Library,L2-Mag [Vrms]
2017-01-10T232917,2017-01-11 07:29:18.724999972+00:00,1.358333319,B90,1.001388794292765,,121.36721801757812,voltage_sag,LBNL PMU Event Library,L2-Mag [Vrms]
2017-01-10T232917,2017-01-11 07:29:18.733333305+00:00,1.366666652,B90,1.001622160730342,,121.4447250366211,voltage_sag,LBNL PMU Event Library,L2-Mag [Vrms]
2017-01-10T232917,2017-01-11 07:29:18.741666638+00:00,1.374999985,B90,1.0018469739183966,,121.51945495605467,voltage_sag,LBNL PMU Event Library,L2-Mag [Vrms]
2017-01-10T232917,2017-01-11 07:29:18.749999971+00:00,1.383333318,B90,1.0020521463112528,,121.58978271484376,voltage_sag,LBNL PMU Event Library,L2-Mag [Vrms]
2017-01-10T232917,2017-01-11 07:29:18.758333304+00:00,1.391666651,B90,1.0022466535411245,,121.666015625,voltage_sag,LBNL PMU Event Library,L2-Mag [Vrms]
2017-01-10T232917,2017-01-11 07:29:18.766666637+00:00,1.399999984,B90,1.002427855716184,,121.7525634765625,voltage_sag,LBNL PMU Event Library,L2-Mag [Vrms]
2017-01-10T232917,2017-01-11 07:29:18.774999970+00:00,1.408333317,B90,1.002579174315753,,121.84016418457033,voltage_sag,LBNL PMU Event Library,L2-Mag [Vrms]
2017-01-10T232917,2017-01-11 07:29:18.783333303+00:00,1.41666665,B90,1.0027182438172413,,121.92176818847656,voltage_sag,LBNL PMU Event Library,L2-Mag [Vrms]
2017-01-10T232917,2017-01-11 07:29:18.791666636+00:00,1.424999983,B90,1.002870195990849,,121.99956512451172,voltage_sag,LBNL PMU Event Library,L2-Mag [Vrms]
2017-01-10T232917,2017-01-11 07:29:18.799999969+00:00,1.433333316,B90,1.0030437952774445,,122.0782470703125,voltage_sag,LBNL PMU Event Library,L2-Mag [Vrms]
2017-01-10T232917,2017-01-11 07:29:18.808333302+00:00,1.441666649,B90,1.0032078909534603,,122.16075897216795,voltage_sag,LBNL PMU Event Library,L2-Mag [Vrms]
2017-01-10T232917,2017-01-11 07:29:18.816666636+00:00,1.449999983,B90,1.0033668124414934,,122.24748229980467,voltage_sag,LBNL PMU Event Library,L2-Mag [Vrms]
2017-01-10T232917,2017-01-11 07:29:18.824999969+00:00,1.458333316,B90,1.0035282682256812,,122.33937072753906,voltage_sag,LBNL PMU Event Library,L2-Mag [Vrms]
2017-01-10T232917,2017-01-11 07:29:18.833333302+00:00,1.466666649,B90,1.003686872926695,,122.4352569580078,voltage_sag,LBNL PMU Event Library,L2-Mag [Vrms]
2017-01-10T232917,2017-01-11 07:29:18.841666635+00:00,1.474999982,B90,1.0038375579522254,,122.5324249267578,voltage_sag,LBNL PMU Event Library,L2-Mag [Vrms]
2017-01-10T232917,2017-01-11 07:29:18.849999968+00:00,1.483333315,B90,1.0039813792590035,,122.63006591796876,voltage_sag,LBNL PMU Event Library,L2-Mag [Vrms]
2017-01-10T232917,2017-01-11 07:29:18.858333301+00:00,1.491666648,B90,1.0041026030917357,,122.7280044555664,voltage_sag,LBNL PMU Event Library,L2-Mag [Vrms]
2017-01-10T232917,2017-01-11 07:29:18.866666634+00:00,1.499999981,B90,1.0041589911811775,,122.82331085205078,voltage_sag,LBNL PMU Event Library,L2-Mag [Vrms]
2017-01-10T232917,2017-01-11 07:29:18.874999967+00:00,1.508333314,B90,1.0042033413638842,,122.91419219970705,voltage_sag,LBNL PMU Event Library,L2-Mag [Vrms]
2017-01-10T232917,2017-01-11 07:29:18.883333300+00:00,1.516666647,B90,1.004299644617762,,123.00508880615234,voltage_sag,LBNL PMU Event Library,L2-Mag [Vrms]
2017-01-10T232917,2017-01-11 07:29:18.891666633+00:00,1.52499998,B90,1.0044058738649124,,123.09931182861328,voltage_sag,LBNL PMU Event Library,L2-Mag [Vrms]
2017-01-10T232917,2017-01-11 07:29:18.899999966+00:00,1.533333313,B90,1.0045059785630224,,123.19625854492188,voltage_sag,LBNL PMU Event Library,L2-Mag [Vrms]
2017-01-10T232917,2017-01-11 07:29:18.908333299+00:00,1.541666646,B90,1.0045797899385276,,123.29351806640624,voltage_sag,LBNL PMU Event Library,L2-Mag [Vrms]
2017-01-10T232917,2017-01-11 07:29:18.916666632+00:00,1.549999979,B90,1.0045757773029493,,123.38816833496094,voltage_sag,LBNL PMU Event Library,L2-Mag [Vrms]
2017-01-10T232917,2017-01-11 07:29:18.924999965+00:00,1.558333312,B90,1.0045521238721722,,123.4798812866211,voltage_sag,LBNL PMU Event Library,L2-Mag [Vrms]
2017-01-10T232917,2017-01-11 07:29:18.933333298+00:00,1.566666645,B90,1.0045778892164112,,123.57272338867188,voltage_sag,LBNL PMU Event Library,L2-Mag [Vrms]
2017-01-10T232917,2017-01-11 07:29:18.941666631+00:00,1.574999978,B90,1.0045753549202567,,123.66830444335938,voltage_sag,LBNL PMU Event Library,L2-Mag [Vrms]
2017-01-10T232917,2017-01-11 07:29:18.949999964+00:00,1.583333311,B90,1.0045628946308296,,123.76512145996094,voltage_sag,LBNL PMU Event Library,L2-Mag [Vrms]
2017-01-10T232917,2017-01-11 07:29:18.958333297+00:00,1.591666644,B90,1.0045638449918877,,123.86331176757812,voltage_sag,LBNL PMU Event Library,L2-Mag [Vrms]
2017-01-10T232917,2017-01-11 07:29:18.966666630+00:00,1.599999977,B90,1.0045242466144708,,123.95996856689452,voltage_sag,LBNL PMU Event Library,L2-Mag [Vrms]
2017-01-10T232917,2017-01-11 07:29:18.974999963+00:00,1.60833331,B90,1.0044797908360907,,124.05286407470705,voltage_sag,LBNL PMU Event Library,L2-Mag [Vrms]
2017-01-10T232917,2017-01-11 07:29:18.983333296+00:00,1.616666643,B90,1.0044628955283927,,124.14442443847656,voltage_sag,LBNL PMU Event Library,L2-Mag [Vrms]
2017-01-10T232917,2017-01-11 07:29:18.991666629+00:00,1.624999976,B90,1.0044725047346459,,124.2378921508789,voltage_sag,LBNL PMU Event Library,L2-Mag [Vrms]
2017-01-10T232917,2017-01-11 07:29:19+00:00,1.633333347,B90,1.0044523359610817,,124.33113861083984,voltage_sag,LBNL PMU Event Library,L2-Mag [Vrms]
2017-01-15T025543,2017-01-15 10:55:43.591666644+00:00,0.0,B90,0.9999665390467339,,49.562530517578125,voltage_sag,LBNL PMU Event Library,L3-Mag [Vrms]
2017-01-15T025543,2017-01-15 10:55:43.599999977+00:00,0.008333333,B90,1.000007721758446,,49.53083801269531,voltage_sag,LBNL PMU Event Library,L3-Mag [Vrms]
2017-01-15T025543,2017-01-15 10:55:43.608333310+00:00,0.016666666,B90,1.0000505131698343,,49.50816345214844,voltage_sag,LBNL PMU Event Library,L3-Mag [Vrms]
2017-01-15T025543,2017-01-15 10:55:43.616666643+00:00,0.024999999,B90,1.0000587711615059,,49.48372268676758,voltage_sag,LBNL PMU Event Library,L3-Mag [Vrms]
2017-01-15T025543,2017-01-15 10:55:43.624999976+00:00,0.033333332,B90,1.000011368144379,,49.4499626159668,voltage_sag,LBNL PMU Event Library,L3-Mag [Vrms]
2017-01-15T025543,2017-01-15 10:55:43.633333309+00:00,0.041666665,B90,0.9999880956223955,,49.4130859375,voltage_sag,LBNL PMU Event Library,L3-Mag [Vrms]
2017-01-15T025543,2017-01-15 10:55:43.641666642+00:00,0.049999998,B90,1.0000057913188345,,49.37972259521485,voltage_sag,LBNL PMU Event Library,L3-Mag [Vrms]
2017-01-15T025543,2017-01-15 10:55:43.649999975+00:00,0.058333331,B90,1.0000137275705707,,49.346004486083984,voltage_sag,LBNL PMU Event Library,L3-Mag [Vrms]
2017-01-15T025543,2017-01-15 10:55:43.658333308+00:00,0.066666664,B90,1.0000457943174508,,49.31249237060547,voltage_sag,LBNL PMU Event Library,L3-Mag [Vrms]
2017-01-15T025543,2017-01-15 10:55:43.666666641+00:00,0.074999997,B90,1.0000755016381389,,49.28203201293945,voltage_sag,LBNL PMU Event Library,L3-Mag [Vrms]
2017-01-15T025543,2017-01-15 10:55:43.674999974+00:00,0.08333333,B90,1.000062953780664,,49.25250244140625,voltage_sag,LBNL PMU Event Library,L3-Mag [Vrms]
2017-01-15T025543,2017-01-15 10:55:43.683333307+00:00,0.091666663,B90,0.9999958173808418,,49.22069549560547,voltage_sag,LBNL PMU Event Library,L3-Mag [Vrms]
2017-01-15T025543,2017-01-15 10:55:43.691666640+00:00,0.099999996,B90,0.9999272867746333,,49.18537521362305,voltage_sag,LBNL PMU Event Library,L3-Mag [Vrms]
2017-01-15T025543,2017-01-15 10:55:43.699999973+00:00,0.108333329,B90,0.9999586027949977,,49.15391540527344,voltage_sag,LBNL PMU Event Library,L3-Mag [Vrms]
2017-01-15T025543,2017-01-15 10:55:43.708333306+00:00,0.116666662,B90,1.0000041826191584,,49.12931823730469,voltage_sag,LBNL PMU Event Library,L3-Mag [Vrms]
2017-01-15T025543,2017-01-15 10:55:43.716666639+00:00,0.124999995,B90,0.999946162184168,,49.09938049316406,voltage_sag,LBNL PMU Event Library,L3-Mag [Vrms]
2017-01-15T025543,2017-01-15 10:55:43.724999972+00:00,0.133333328,B90,0.9998728054789308,,49.05610275268555,voltage_sag,LBNL PMU Event Library,L3-Mag [Vrms]
2017-01-15T025543,2017-01-15 10:55:43.733333305+00:00,0.141666661,B90,0.9998576837019738,,49.011348724365234,voltage_sag,LBNL PMU Event Library,L3-Mag [Vrms]
2017-01-15T025543,2017-01-15 10:55:43.741666638+00:00,0.149999994,B90,0.9998336604534751,,48.975189208984375,voltage_sag,LBNL PMU Event Library,L3-Mag [Vrms]
2017-01-15T025543,2017-01-15 10:55:43.749999971+00:00,0.158333327,B90,0.9998168227301971,,48.94287872314453,voltage_sag,LBNL PMU Event Library,L3-Mag [Vrms]
2017-01-15T025543,2017-01-15 10:55:43.758333304+00:00,0.16666666,B90,0.9998447068579189,,48.90993118286133,voltage_sag,LBNL PMU Event Library,L3-Mag [Vrms]
2017-01-15T025543,2017-01-15 10:55:43.766666637+00:00,0.174999993,B90,0.9998791330309907,,48.87545394897461,voltage_sag,LBNL PMU Event Library,L3-Mag [Vrms]
2017-01-15T025543,2017-01-15 10:55:43.774999970+00:00,0.183333326,B90,0.9999150606570938,,48.8427848815918,voltage_sag,LBNL PMU Event Library,L3-Mag [Vrms]
2017-01-15T025543,2017-01-15 10:55:43.783333303+00:00,0.191666659,B90,0.9999430520314606,,48.81377029418945,voltage_sag,LBNL PMU Event Library,L3-Mag [Vrms]
2017-01-15T025543,2017-01-15 10:55:43.791666636+00:00,0.199999992,B90,0.9999686839796356,,48.78635025024414,voltage_sag,LBNL PMU Event Library,L3-Mag [Vrms]
2017-01-15T025543,2017-01-15 10:55:43.799999969+00:00,0.208333325,B90,1.0000019304396115,,48.76255035400391,voltage_sag,LBNL PMU Event Library,L3-Mag [Vrms]
2017-01-15T025543,2017-01-15 10:55:43.808333302+00:00,0.216666658,B90,1.0000311015270742,,48.742431640625,voltage_sag,LBNL PMU Event Library,L3-Mag [Vrms]
2017-01-15T025543,2017-01-15 10:55:43.816666636+00:00,0.224999992,B90,1.0000195188894052,,48.718074798583984,voltage_sag,LBNL PMU Event Library,L3-Mag [Vrms]
2017-01-15T025543,2017-01-15 10:55:43.824999969+00:00,0.233333325,B90,0.9999893825821368,,48.68310546875,voltage_sag,LBNL PMU Event Library,L3-Mag [Vrms]
2017-01-15T025543,2017-01-15 10:55:43.833333302+00:00,0.241666658,B90,0.9999977478204533,,48.64558029174805,voltage_sag,LBNL PMU Event Library,L3-Mag [Vrms]
2017-01-15T025543,2017-01-15 10:55:43.841666635+00:00,0.249999991,B90,1.0000070782785755,,48.614845275878906,voltage_sag,LBNL PMU Event Library,L3-Mag [Vrms]
2017-01-15T025543,2017-01-15 10:55:43.849999968+00:00,0.258333324,B90,1.0000208058491462,,48.588470458984375,voltage_sag,LBNL PMU Event Library,L3-Mag [Vrms]
2017-01-15T025543,2017-01-15 10:55:43.858333301+00:00,0.266666657,B90,1.0000200551226306,,48.56149291992188,voltage_sag,LBNL PMU Event Library,L3-Mag [Vrms]
2017-01-15T025543,2017-01-15 10:55:43.866666634+00:00,0.27499999,B90,0.9999823043035612,,48.53178787231445,voltage_sag,LBNL PMU Event Library,L3-Mag [Vrms]
2017-01-15T025543,2017-01-15 10:55:43.874999967+00:00,0.283333323,B90,0.9999663245534437,,48.50059509277344,voltage_sag,LBNL PMU Event Library,L3-Mag [Vrms]
2017-01-15T025543,2017-01-15 10:55:43.883333300+00:00,0.291666656,B90,0.9999621419342855,,48.46531295776367,voltage_sag,LBNL PMU Event Library,L3-Mag [Vrms]
2017-01-15T025543,2017-01-15 10:55:43.891666633+00:00,0.299999989,B90,0.9999458404442327,,48.42583084106445,voltage_sag,LBNL PMU Event Library,L3-Mag [Vrms]
2017-01-15T025543,2017-01-15 10:55:43.899999966+00:00,0.308333322,B90,0.9999163476168348,,48.38954162597656,voltage_sag,LBNL PMU Event Library,L3-Mag [Vrms]
2017-01-15T025543,2017-01-15 10:55:43.908333299+00:00,0.316666655,B90,0.9998760228782834,,48.35699844360352,voltage_sag,LBNL PMU Event Library,L3-Mag [Vrms]
2017-01-15T025543,2017-01-15 10:55:43.916666632+00:00,0.324999988,B90,0.9998299068208973,,48.32085800170898,voltage_sag,LBNL PMU Event Library,L3-Mag [Vrms]
2017-01-15T025543,2017-01-15 10:55:43.924999965+00:00,0.333333321,B90,0.9997822893104802,,48.27811050415039,voltage_sag,LBNL PMU Event Library,L3-Mag [Vrms]
2017-01-15T025543,2017-01-15 10:55:43.933333298+00:00,0.341666654,B90,0.9997620196945594,,48.23673629760742,voltage_sag,LBNL PMU Event Library,L3-Mag [Vrms]
2017-01-15T025543,2017-01-15 10:55:43.941666631+00:00,0.349999987,B90,0.999789689328991,,48.20480346679688,voltage_sag,LBNL PMU Event Library,L3-Mag [Vrms]
